bin_lo,bin_hi,flows_sum,packets_sum,octets_sum
1,2,2069216,2069216,337461505
2,3,436076,872152,139636477
3,4,173235,519705,81224623
4,5,89438,357752,56695666
5,6,48236,241180,36979109
6,7,34259,205554,32600476
7,8,21323,149261,24039321
8,9,16762,134096,21414224
9,10,11006,99054,16449297
10,11,9766,97660,16425222
11,12,6788,74668,13506409
12,13,5842,70104,12754670
13,14,4605,59865,12314850
14,15,4227,59178,12330917
15,16,3676,55140,11353227
16,17,3377,54032,10884630
17,18,2473,42041,8813496
18,19,2445,44010,9276042
19,20,1915,36385,8196780
20,21,2125,42500,8356325
21,22,1720,36120,7776161
22,23,1347,29634,7024902
23,24,1100,25300,6020634
24,25,1083,25992,6031526
25,26,940,23500,5381663
26,27,964,25064,5757505
27,28,875,23625,4824061
28,29,864,24192,4928612
29,30,957,27753,5826445
30,31,829,24870,4950932
31,32,617,19127,4203794
32,33,755,24160,5058106
33,34,582,19206,4491825
34,35,488,16592,4093242
35,36,538,18830,3700085
36,37,722,25992,4591174
37,38,446,16502,3688709
38,39,385,14630,3431161
39,40,410,15990,3561692
40,41,521,20840,4202671
41,42,360,14760,3395065
42,43,336,14112,2983627
43,44,391,16813,3258227
44,45,312,13728,2763651
45,46,335,15075,3419226
46,47,235,10810,2605961
47,48,299,14053,3777958
48,49,229,10992,2814357
49,50,242,11858,2996756
50,51,194,9700,2464548
51,52,198,10098,2928993
52,53,207,10764,3105791
53,54,210,11130,2757008
54,55,171,9234,2575655
55,56,184,10120,2542046
56,57,152,8512,2030955
57,58,165,9405,2920981
58,59,155,8990,2259327
59,60,144,8496,2286800
60,61,204,12240,3182436
61,62,149,9089,2447651
62,63,132,8184,2490794
63,64,127,8001,1975415
64,65,195,12480,2946760
65,66,126,8190,2480309
66,67,126,8316,2336596
67,68,130,8710,2765852
68,69,115,7820,2169644
69,70,121,8349,2386271
70,71,141,9870,2471956
71,72,112,7952,2602794
72,73,145,10440,2331804
73,74,88,6424,1545817
74,75,109,8066,2471171
75,76,111,8325,2375952
76,77,95,7220,1874332
77,78,100,7700,2527353
78,79,99,7722,2308681
79,80,81,6399,1596682
80,81,109,8720,2615873
81,82,93,7533,2182837
82,83,79,6478,1925571
83,84,66,5478,1338095
84,85,89,7476,2152886
85,86,58,4930,1265614
86,87,82,7052,2014288
87,88,49,4263,1273556
88,89,59,5192,1661989
89,90,58,5162,1456035
90,91,60,5400,1424231
91,92,83,7553,1975761
92,93,66,6072,1780426
93,94,58,5394,1436401
94,95,70,6580,1901642
95,96,66,6270,2372547
96,97,60,5760,2095839
97,98,59,5723,1803040
98,99,65,6370,2250087
99,100,68,6732,2901324
100,101,58,5800,1588866
101,102,69,6969,2534846
102,103,68,6936,1861530
103,104,78,8034,2522837
104,105,45,4680,1651713
105,106,63,6615,2612031
106,107,62,6572,2115488
107,108,48,5136,1272590
108,109,58,6264,2263091
109,110,48,5232,1511319
110,111,65,7150,1801075
111,112,51,5661,1697635
112,113,49,5488,1672127
113,114,54,6102,1907378
114,115,43,4902,1697964
115,116,44,5060,1793193
116,117,42,4872,1364936
117,118,62,7254,2157353
118,119,41,4838,1490757
119,120,48,5712,1850553
120,121,47,5640,1755549
121,122,58,7018,1660194
122,123,42,5124,1566379
123,124,53,6519,1775783
124,125,39,4836,1544805
125,126,33,4125,1192485
126,127,58,7308,1683747
127,128,40,5080,1480759
128,129,58,7424,1987857
129,130,46,5934,1370471
130,131,57,7410,2655739
131,132,41,5371,1593850
132,133,37,4884,1640497
133,134,38,5054,1223153
134,135,45,6030,2061835
135,136,43,5805,2059627
136,137,39,5304,1497212
137,138,36,4932,1685395
138,139,35,4830,1277570
139,140,31,4309,1028716
140,141,45,6300,1685994
141,142,34,4794,1712856
142,143,42,5964,2403612
143,144,37,5291,1113726
144,145,33,4752,1193898
145,146,43,6235,2092138
146,147,34,4964,1735778
147,148,47,6909,2010024
148,149,28,4144,1475176
149,150,29,4321,1372888
150,151,37,5550,2026264
151,152,31,4681,1584345
152,153,29,4408,1453356
153,154,38,5814,1772709
154,155,48,7392,2498903
155,156,23,3565,776354
156,157,37,5772,2284879
157,158,32,5024,1870109
158,159,35,5530,1477322
159,160,32,5088,1166758
160,161,35,5600,1572209
161,162,21,3381,1022295
162,163,38,6156,2599224
163,164,30,4890,1496225
164,165,41,6724,1767504
165,166,23,3795,1670681
166,167,23,3818,1405282
167,168,22,3674,853140
168,169,33,5544,995313
169,170,31,5239,1830207
170,171,29,4930,1503059
171,172,31,5301,1961450
172,173,32,5504,2436253
173,174,34,5882,2243966
174,175,32,5568,1866698
175,176,32,5600,2403438
176,177,34,5984,1960390
177,178,21,3717,1431582
178,179,32,5696,1749299
179,180,21,3759,1575647
180,181,24,4320,1350048
181,182,22,3982,1206550
182,183,27,4914,931461
183,184,38,6954,2327185
184,185,23,4232,978932
185,186,23,4255,1318327
186,187,35,6510,2248454
187,188,29,5423,1656670
188,189,28,5264,1626213
189,190,23,4347,1921483
190,191,21,3990,1426549
191,192,22,4202,1410745
192,193,31,5952,1706055
193,194,23,4439,1782720
194,195,20,3880,929284
195,196,30,5850,1942004
196,197,36,7056,1981694
197,198,18,3546,1436605
198,199,17,3366,1230082
199,200,20,3980,1382728
200,201,20,4000,1535566
201,202,24,4824,1512065
202,203,18,3636,1591651
203,204,19,3857,1219407
204,205,14,2856,823085
205,206,21,4305,1963251
206,207,26,5356,2103299
207,208,23,4761,1423871
208,209,27,5616,1809436
209,210,21,4389,1577285
210,211,8,1680,506600
211,212,18,3798,1771843
212,213,22,4664,1397965
213,214,25,5325,1904776
214,215,24,5136,1445469
215,216,20,4300,1014349
216,217,16,3456,1844752
217,218,15,3255,1182007
218,219,15,3270,1190877
219,220,14,3066,1436398
220,221,15,3300,892143
221,222,19,4199,1877639
222,223,20,4440,1362093
223,224,23,5129,2152233
224,225,15,3360,1218758
225,226,16,3600,1281158
226,227,14,3164,1475248
227,228,20,4540,1464557
228,229,20,4560,1491626
229,230,21,4809,1676264
230,231,21,4830,2190180
231,232,14,3234,1021777
232,233,12,2784,816401
233,234,23,5359,2211924
234,235,20,4680,1206218
235,236,14,3290,1738165
236,237,18,4248,964132
237,238,13,3081,706499
238,239,11,2618,948318
239,240,17,4063,1511746
240,241,13,3120,1152537
241,242,7,1687,401132
242,243,25,6050,2548790
243,244,10,2430,1180913
244,245,32,7808,7922248
245,246,16,3920,1119541
246,247,17,4182,1329541
247,248,13,3211,1562232
248,249,10,2480,1124727
249,250,16,3984,1163267
250,251,16,4000,2752990
251,252,15,3765,1088490
252,253,10,2520,1202742
253,254,12,3036,1469219
254,255,9,2286,455381
255,256,11,2805,1368970
256,257,20,5120,2494572
257,258,16,4112,2268018
258,259,10,2580,856961
259,260,11,2849,664896
260,261,17,4420,1420782
261,262,11,2871,470025
262,263,25,6550,2415801
263,264,13,3419,1852125
264,265,9,2376,755224
265,266,11,2915,996715
266,267,7,1862,1138023
267,268,9,2403,1182714
268,269,10,2680,860389
269,270,11,2959,642421
270,271,16,4320,1045182
271,272,18,4878,1906437
272,273,10,2720,704747
273,274,10,2730,781115
274,275,18,4932,1834834
275,276,9,2475,1019213
276,277,5,1380,476659
277,278,12,3324,1951011
278,279,13,3614,1059652
279,280,15,4185,1128817
280,281,14,3920,1804886
281,282,14,3934,2396818
282,283,19,5358,1170125
283,284,12,3396,1827444
284,285,14,3976,1215487
285,286,7,1995,955294
286,287,9,2574,880527
287,288,13,3731,576534
288,289,10,2880,1044798
289,290,11,3179,1089740
290,291,18,5220,1742082
291,292,8,2328,1420864
292,293,10,2920,1274494
293,294,10,2930,1639765
294,295,17,4998,2100438
295,296,8,2360,638915
296,297,7,2072,1156992
297,298,5,1485,390175
298,299,10,2980,1509378
299,300,5,1495,704371
300,301,10,3000,1345309
301,302,9,2709,781075
302,303,15,4530,1654791
303,304,9,2727,1177811
304,305,18,5472,1725918
305,306,6,1830,497094
306,307,17,5202,1092637
307,308,15,4605,691844
308,309,10,3080,997511
309,310,6,1854,508759
310,311,5,1550,204662
311,312,11,3421,1384392
312,313,8,2496,1528810
313,314,6,1878,1150637
314,315,11,3454,1228834
315,316,9,2835,1710621
316,317,9,2844,1451709
317,318,11,3487,1354407
318,319,12,3816,1115752
319,320,9,2871,866737
320,321,8,2560,1135748
321,322,11,3531,591433
322,323,8,2576,850989
323,324,7,2261,1418739
324,325,9,2916,1702692
325,326,13,4225,1685933
326,327,14,4564,1756160
327,328,9,2943,961824
328,329,13,4264,2083747
329,330,9,2961,1620425
330,331,5,1650,522082
331,332,10,3310,1857229
332,333,17,5644,1404368
333,334,8,2664,1130980
334,335,11,3674,1685668
335,336,8,2680,666297
336,337,8,2688,617197
337,338,5,1685,868652
338,339,9,3042,1167160
339,340,7,2373,537704
340,341,7,2380,1041345
341,342,11,3751,920744
342,343,5,1710,253737
343,344,7,2401,1469669
344,345,6,2064,626144
345,346,4,1380,145546
346,347,7,2422,1190290
347,348,12,4164,1285352
348,349,8,2784,1161916
349,350,12,4188,1886149
350,351,9,3150,931140
351,352,5,1755,471092
352,353,8,2816,702856
353,354,8,2824,635904
354,355,9,3186,406588
355,356,7,2485,1457904
356,357,9,3204,731440
357,358,8,2856,651955
358,359,8,2864,1946469
359,360,4,1436,278402
360,361,6,2160,595150
361,362,5,1805,687014
362,363,9,3258,1194060
363,364,9,3267,1099856
364,365,6,2184,1004440
365,366,9,3285,547115
366,367,7,2562,508687
367,368,6,2202,660626
368,369,4,1472,603820
369,370,8,2952,1319070
370,371,6,2220,860174
371,372,7,2597,810580
372,373,17,6324,1269862
373,374,12,4476,1417213
374,375,5,1870,683515
375,376,5,1875,397791
376,377,10,3760,1467101
377,378,6,2262,1533066
378,379,10,3780,915843
379,380,2,758,143157
380,381,8,3040,1389752
381,382,9,3429,1101546
382,383,5,1910,517141
383,384,6,2298,1247605
384,385,9,3456,1691637
385,386,6,2310,372325
386,387,9,3474,784403
387,388,1,387,520674
388,389,5,1940,1026581
389,390,3,1167,192512
390,391,6,2340,1053677
391,392,4,1564,645611
392,393,6,2352,783153
393,394,7,2751,2463309
394,395,10,3940,1861750
395,396,2,790,629094
396,397,5,1980,745864
397,398,5,1985,828744
398,399,2,796,825647
399,400,11,4389,2051700
400,401,4,1600,926595
401,402,4,1604,658992
402,403,8,3216,987590
403,404,8,3224,1398773
404,405,4,1616,839396
405,406,7,2835,1108366
406,407,7,2842,897260
407,408,7,2849,429509
408,409,4,1632,660174
409,410,3,1227,158160
410,411,7,2870,948252
411,412,6,2466,1407111
412,413,5,2060,812781
413,414,4,1652,725740
414,415,9,3726,2017920
415,416,6,2490,1248537
416,417,3,1248,228469
417,418,3,1251,677788
418,419,6,2508,329081
419,420,4,1676,282799
420,421,3,1260,536323
421,422,4,1684,768749
422,423,8,3376,728019
423,424,5,2115,695809
424,425,5,2120,777747
425,426,7,2975,1299853
427,428,2,854,100293
428,429,6,2568,627894
429,430,1,429,63732
430,431,5,2150,459016
431,432,5,2155,643920
432,433,6,2592,903293
433,434,8,3464,884192
434,435,4,1736,183820
437,438,2,874,256634
438,439,1,438,59568
439,440,1,439,77249
440,441,3,1320,307874
441,442,7,3087,1206759
442,443,2,884,231903
443,444,6,2658,891203
444,445,4,1776,603214
445,446,3,1335,243631
446,447,2,892,389361
447,448,2,894,92297
448,449,4,1792,505952
449,450,3,1347,610902
450,451,9,4050,1456342
451,452,5,2255,352318
452,453,6,2712,1426484
453,454,1,453,628616
454,455,4,1816,231958
455,456,7,3185,1390112
456,457,5,2280,810875
457,458,5,2285,1594543
458,459,7,3206,1014941
459,460,7,3213,1838978
460,461,2,920,588026
461,462,4,1844,1128544
462,463,14,6468,1413530
463,464,8,3704,1391097
464,465,5,2320,536308
465,466,3,1395,236591
466,467,5,2330,623757
467,468,3,1401,734142
468,469,9,4212,1249989
469,470,7,3283,994513
470,471,5,2350,1410411
471,472,4,1884,358169
472,473,4,1888,1360712
473,474,5,2365,923932
474,475,5,2370,465693
475,476,6,2850,1784796
476,477,4,1904,487597
477,478,5,2385,902590
478,479,3,1434,901083
479,480,2,958,129366
480,481,6,2880,2262394
481,482,1,481,310216
482,483,4,1928,905436
483,484,2,966,1082922
484,485,3,1452,207346
485,486,4,1940,296837
486,487,4,1944,1349082
487,488,5,2435,939244
488,489,8,3904,588471
489,490,5,2445,469181
490,491,3,1470,802081
491,492,2,982,187530
492,493,1,492,526313
493,494,2,986,326774
494,495,9,4446,667089
495,496,7,3465,2689209
496,497,4,1984,557438
497,498,3,1491,191425
498,499,4,1992,1371047
499,500,4,1996,451575
500,501,4,2000,474710
501,502,6,3006,1677673
502,503,10,5020,1778954
503,504,2,1006,170783
504,505,1,504,169452
505,506,3,1515,228989
506,507,7,3542,1874686
507,508,3,1521,210610
508,509,2,1016,184163
509,510,4,2036,202723
510,511,9,4590,1138758
511,512,3,1533,832715
512,513,2,1024,1375344
513,514,3,1539,613411
514,515,8,4112,2655856
515,516,3,1545,1075639
516,517,2,1032,112522
517,518,2,1034,371460
518,519,9,4662,2699413
519,520,2,1038,152882
520,521,3,1560,374102
521,522,5,2605,594133
522,523,8,4176,637122
523,524,2,1046,424941
524,525,7,3668,631134
525,526,3,1575,331190
526,527,5,2630,461708
527,528,4,2108,293288
528,529,2,1056,235207
529,530,3,1587,1456951
530,531,2,1060,536044
531,532,7,3717,1766849
532,533,4,2128,943559
534,535,3,1602,561331
535,536,2,1070,310167
536,537,4,2144,743553
537,538,8,4296,935661
538,539,5,2690,426934
539,540,2,1078,142211
540,541,9,4860,2270884
541,542,6,3246,1548716
542,543,1,542,700484
543,544,2,1086,111079
544,545,3,1632,306195
545,546,3,1635,414411
546,547,5,2730,910938
547,548,2,1094,129290
548,549,1,548,51943
549,550,5,2745,641324
550,551,2,1100,154925
551,552,2,1102,812552
552,553,2,1104,111243
554,555,2,1108,168232
555,556,3,1665,1151911
556,557,5,2780,1075862
557,558,3,1671,1344890
558,559,2,1116,335372
560,561,3,1680,252499
561,562,2,1122,492438
562,563,5,2810,649486
563,564,5,2815,383741
564,565,5,2820,790263
565,566,3,1695,292726
566,567,6,3396,1615331
567,568,5,2835,636334
568,569,5,2840,1200759
569,570,4,2276,290809
570,571,3,1710,321340
571,572,1,571,737150
572,573,2,1144,230336
573,574,3,1719,535886
574,575,5,2870,473863
575,576,3,1725,1091260
576,577,2,1152,166545
577,578,7,4039,683079
578,579,6,3468,1880339
579,580,4,2316,476631
580,581,4,2320,1115651
581,582,3,1743,190460
582,583,3,1746,287785
583,584,2,1166,177127
584,585,2,1168,913789
585,586,6,3510,2024343
586,587,2,1172,979269
587,588,3,1761,893133
588,589,3,1764,262000
589,590,2,1178,218955
591,592,3,1773,1318120
592,593,2,1184,310616
593,594,4,2372,2371201
594,595,5,2970,1562604
595,596,3,1785,982631
596,597,3,1788,532306
597,598,2,1194,908055
598,599,5,2990,636428
599,600,3,1797,188154
600,601,4,2400,503512
601,602,3,1803,1327882
603,604,5,3015,1771038
605,606,3,1815,1471227
606,607,4,2424,353918
607,608,4,2428,440496
608,609,3,1824,480340
609,610,2,1218,888477
610,611,3,1830,1090176
611,612,3,1833,254986
612,613,5,3060,2113880
613,614,5,3065,2163284
614,615,3,1842,528423
615,616,1,615,331903
616,617,7,4312,2130189
617,618,4,2468,3393854
618,619,3,1854,1149799
619,620,5,3095,2856504
620,621,3,1860,971997
621,622,7,4347,1441804
622,623,1,622,521461
623,624,3,1869,317150
624,625,4,2496,1683350
625,626,6,3750,2261140
626,627,4,2504,448218
627,628,3,1881,692654
628,629,1,628,112949
629,630,3,1887,994359
631,632,1,631,71799
632,633,3,1896,986910
633,634,1,633,570298
634,635,3,1902,1008765
635,636,1,635,128281
636,637,2,1272,143451
637,638,3,1911,408493
638,639,1,638,208845
639,640,4,2556,1717052
640,641,1,640,97883
641,642,1,641,104870
642,643,2,1284,211871
644,645,2,1288,322239
645,646,2,1290,351923
646,647,5,3230,613653
647,648,1,647,104062
648,649,2,1296,283359
649,650,2,1298,974768
651,652,3,1953,386940
652,653,3,1956,1845459
653,654,3,1959,1041299
654,655,3,1962,783304
655,656,3,1965,651690
656,657,3,1968,588433
657,658,1,657,905294
658,659,4,2632,1162748
659,660,4,2636,1976007
660,661,3,1980,393744
661,662,5,3305,400856
662,663,4,2648,2391607
664,665,2,1328,1080148
665,666,4,2660,1091053
666,667,6,3996,1454550
667,668,4,2668,1491486
668,669,1,668,232705
669,670,2,1338,212286
670,671,1,670,202742
671,672,2,1342,142165
672,673,3,2016,1086447
674,675,1,674,60934
675,676,7,4725,1521498
676,677,2,1352,214637
677,678,1,677,280601
678,679,3,2034,1333713
679,680,3,2037,473561
680,681,4,2720,456648
681,682,1,681,938764
682,683,3,2046,151804
683,684,2,1366,210335
684,685,3,2052,1965524
685,686,3,2055,401440
686,687,2,1372,321488
687,688,3,2061,531909
688,689,1,688,113581
689,690,3,2067,1012955
690,691,2,1380,285331
691,692,1,691,81399
693,694,1,693,80476
695,696,2,1390,173716
696,697,1,696,991563
697,698,3,2091,1278247
698,699,1,698,113508
699,700,3,2097,943014
700,701,3,2100,2058917
701,702,3,2103,1231839
703,704,3,2109,353412
704,705,3,2112,626995
705,706,1,705,84197
706,707,3,2118,277072
707,708,1,707,105341
708,709,4,2832,1414939
709,710,4,2836,1375045
710,711,3,2130,303173
711,712,2,1422,1649568
712,713,3,2136,207190
713,714,2,1426,1075421
714,715,1,714,869689
715,716,1,715,100820
716,717,5,3580,2408116
717,718,2,1434,173368
718,719,3,2154,1281108
719,720,2,1438,236707
720,721,1,720,143509
721,722,3,2163,395613
722,723,2,1444,913696
723,724,3,2169,314659
724,725,4,2896,2131376
725,726,2,1450,426725
726,727,1,726,157025
728,729,1,728,128233
729,730,4,2916,519203
730,731,3,2190,359906
733,734,2,1466,175613
734,735,1,734,86057
735,736,4,2940,1806418
736,737,3,2208,1240099
737,738,4,2948,1408973
738,739,3,2214,343780
739,740,1,739,116414
740,741,1,740,56329
741,742,4,2964,926657
743,744,1,743,100586
744,745,3,2232,1226196
745,746,3,2235,548079
746,747,6,4476,2071309
747,748,2,1494,783351
748,749,4,2992,1480133
749,750,1,749,99277
750,751,2,1500,255172
751,752,4,3004,661811
752,753,2,1504,450924
753,754,5,3765,1263644
754,755,3,2262,364877
755,756,4,3020,1039662
756,757,3,2268,816934
758,759,4,3032,1360734
759,760,1,759,93344
760,761,2,1520,176488
761,762,3,2283,966681
762,763,3,2286,397721
763,764,6,4578,673893
764,765,1,764,991171
767,768,1,767,180263
768,769,2,1536,1110370
769,770,1,769,97494
770,771,3,2310,483329
771,772,2,1542,1212711
772,773,2,1544,241117
773,774,3,2319,200846
774,775,3,2322,2127973
775,776,1,775,124663
776,777,2,1552,282594
778,779,3,2334,373140
779,780,3,2337,1519751
780,781,2,1560,382506
781,782,1,781,129910
782,783,4,3128,515407
783,784,3,2349,1029991
784,785,2,1568,527184
785,786,1,785,116302
786,787,2,1572,927506
787,788,3,2361,1312234
788,789,2,1576,191605
789,790,3,2367,2339225
790,791,2,1580,570142
791,792,2,1582,186720
792,793,1,792,179095
793,794,1,793,107848
794,795,4,3176,2133918
795,796,2,1590,1142309
796,797,4,3184,483592
797,798,4,3188,813987
798,799,5,3990,2609705
799,800,2,1598,903258
800,801,3,2400,774636
802,803,1,802,78301
803,804,2,1606,368798
804,805,2,1608,303649
805,806,1,805,172674
807,808,1,807,609759
808,809,4,3232,2625933
809,810,3,2427,767260
810,811,2,1620,726555
811,812,3,2433,388171
812,813,1,812,99528
813,814,2,1626,283227
814,815,6,4884,1391782
816,817,3,2448,1468058
817,818,2,1634,1362235
819,820,2,1638,231270
820,821,2,1640,337048
822,823,2,1644,343333
823,824,2,1646,440735
824,825,2,1648,1281767
827,828,1,827,171586
828,829,4,3312,615408
830,831,2,1660,782118
833,834,4,3332,1443295
834,835,1,834,72195
835,836,2,1670,184253
836,837,1,836,901952
837,838,2,1674,125992
838,839,5,4190,1878166
839,840,3,2517,2477570
840,841,4,3360,842716
841,842,3,2523,2533748
843,844,3,2529,435797
844,845,4,3376,568479
845,846,3,2535,609259
846,847,3,2538,946348
847,848,3,2541,1425521
849,850,3,2547,220213
850,851,3,2550,686679
852,853,1,852,170079
853,854,1,853,139217
856,857,5,4280,1894142
857,858,2,1714,1338264
858,859,1,858,163935
860,861,2,1720,372924
861,862,1,861,1181971
862,863,1,862,357708
863,864,3,2589,1817388
864,865,1,864,151720
865,866,1,865,686816
866,867,1,866,199766
868,869,3,2604,411400
869,870,2,1738,1570292
871,872,2,1742,425307
872,873,3,2616,426006
873,874,4,3492,1634530
874,875,2,1748,1354706
875,876,1,875,632950
876,877,3,2628,541025
878,879,1,878,102321
879,880,3,2637,282674
880,881,1,880,106176
881,882,1,881,763325
882,883,3,2646,564999
883,884,1,883,123358
885,886,3,2655,1465182
886,887,3,2658,828296
887,888,2,1774,1199671
889,890,1,889,1212712
890,891,3,2670,1174514
891,892,1,891,230020
892,893,4,3568,636184
893,894,1,893,148743
895,896,1,895,101721
896,897,3,2688,320997
898,899,1,898,107042
900,901,5,4500,1900944
901,902,2,1802,1199365
902,903,2,1804,348774
903,904,1,903,929343
905,906,1,905,180530
906,907,2,1812,343913
907,908,5,4535,2830141
910,911,1,910,305955
912,913,3,2736,1571865
913,914,1,913,271575
914,915,2,1828,377102
916,917,2,1832,1354566
917,918,1,917,383605
918,919,4,3672,1064233
920,921,1,920,278392
921,922,8,7368,5389091
922,923,1,922,59008
924,925,1,924,163166
925,926,1,925,762259
926,927,2,1852,1399623
927,928,4,3708,780861
928,929,2,1856,414569
931,932,1,931,135690
932,933,1,932,100464
933,934,3,2799,1438680
934,935,2,1868,1009231
935,936,1,935,994534
936,937,1,936,67854
937,938,1,937,453471
938,939,3,2814,651419
943,944,2,1886,942646
944,945,1,944,1292427
947,948,2,1894,641320
949,950,1,949,115227
950,951,1,950,573601
951,952,3,2853,1684332
952,953,1,952,196003
953,954,1,953,249188
955,956,4,3820,864696
956,957,1,956,303639
957,958,3,2871,3437035
958,959,3,2874,391907
959,960,2,1918,340387
960,961,1,960,180818
961,962,3,2883,699522
962,963,2,1924,1734465
963,964,2,1926,329192
964,965,1,964,186367
965,966,1,965,170147
966,967,1,966,668124
967,968,1,967,319956
968,969,2,1936,286487
969,970,1,969,136891
970,971,2,1940,428356
973,974,1,973,110962
975,976,2,1950,1016142
977,978,2,1954,147512
978,979,2,1956,331460
979,980,2,1958,399099
980,981,4,3920,944147
982,983,1,982,177072
984,985,1,984,234993
987,988,4,3948,1881450
990,991,4,3960,2700441
991,992,1,991,746031
992,993,1,992,784699
993,994,2,1986,535406
995,996,2,1990,512817
998,999,2,1996,794058
999,1000,1,999,130957
1003,1004,1,1003,223956
1004,1005,3,3012,712191
1006,1007,1,1006,108074
1007,1008,1,1007,195786
1008,1009,2,2016,2870749
1010,1011,1,1010,289906
1011,1012,1,1011,138413
1013,1014,1,1013,139872
1014,1015,1,1014,100386
1016,1017,3,3048,1198765
1017,1018,2,2034,287849
1018,1019,2,2036,348095
1020,1021,2,2040,1298709
1021,1022,1,1021,864760
1022,1023,1,1022,133380
1023,1024,1,1023,116499
1025,1026,3,3075,2069741
1027,1028,1,1027,220021
1028,1029,2,2056,502559
1029,1030,1,1029,161418
1030,1031,2,2060,1379673
1031,1032,2,2062,241823
1032,1033,1,1032,260339
1033,1034,2,2066,1533226
1034,1035,1,1034,90786
1037,1038,1,1037,1422240
1038,1039,1,1038,1424756
1040,1041,2,2080,2861183
1041,1042,1,1041,815995
1042,1043,1,1042,582278
1043,1044,1,1043,210686
1046,1047,1,1046,846427
1047,1048,2,2094,858864
1048,1049,4,4192,661706
1049,1050,1,1049,71332
1050,1051,1,1050,132572
1051,1052,2,2102,412947
1053,1054,2,2106,1082605
1054,1055,2,2108,2045692
1055,1056,1,1055,220941
1056,1057,2,2112,1445784
1057,1058,1,1057,136662
1058,1059,2,2116,230561
1059,1060,1,1059,1428889
1060,1061,1,1060,382844
1061,1062,2,2122,251266
1062,1063,1,1062,251794
1063,1064,2,2126,650984
1065,1066,2,2130,394571
1066,1067,1,1066,80617
1068,1069,3,3204,2475511
1069,1070,1,1069,149509
1070,1071,3,3210,1798378
1071,1072,1,1071,86974
1072,1073,1,1072,158790
1073,1074,3,3219,1778712
1074,1075,3,3222,1145532
1076,1077,1,1076,631724
1077,1078,2,2154,550910
1078,1079,1,1078,84084
1080,1081,1,1080,526464
1081,1082,1,1081,1352421
1084,1085,1,1084,224551
1085,1086,2,2170,390467
1086,1087,1,1086,1468423
1087,1088,1,1087,158329
1088,1089,1,1088,149360
1090,1091,1,1090,223943
1091,1092,2,2182,401521
1092,1093,5,5460,1836151
1093,1094,1,1093,159309
1094,1095,2,2188,227260
1095,1096,2,2190,391771
1096,1097,1,1096,1295496
1098,1099,2,2196,854446
1099,1100,2,2198,380624
1100,1101,1,1100,260149
1101,1102,1,1101,242460
1102,1103,2,2204,226617
1103,1104,2,2206,645514
1106,1107,1,1106,144395
1107,1108,1,1107,140482
1108,1109,1,1108,333134
1109,1110,1,1109,1536504
1110,1111,1,1110,367351
1111,1112,2,2222,939264
1114,1115,1,1114,189422
1116,1117,1,1116,227126
1120,1121,4,4480,2260294
1122,1123,1,1122,142199
1123,1124,2,2246,213996
1124,1125,4,4496,1915716
1125,1126,1,1125,91117
1126,1127,3,3378,582810
1128,1129,1,1128,160885
1129,1130,2,2258,1340105
1130,1131,1,1130,690027
1133,1134,1,1133,147161
1134,1135,4,4536,1161614
1135,1136,2,2270,3158499
1137,1138,3,3411,417137
1138,1139,4,4552,1703233
1140,1141,4,4560,1865065
1141,1142,1,1141,1536323
1143,1144,3,3429,1366082
1144,1145,1,1144,173930
1145,1146,1,1145,493102
1146,1147,4,4584,1510784
1147,1148,2,2294,2471942
1148,1149,3,3444,2766360
1149,1150,1,1149,110014
1154,1155,5,5770,2565471
1156,1157,1,1156,1589052
1159,1160,1,1159,852877
1160,1161,2,2320,445644
1162,1163,2,2324,1343760
1165,1166,3,3495,1674432
1166,1167,1,1166,149290
1167,1168,1,1167,151402
1168,1169,1,1168,1444458
1169,1170,3,3507,4017714
1172,1173,2,2344,1400967
1174,1175,1,1174,96357
1176,1177,4,4704,1332892
1177,1178,2,2354,177392
1181,1182,2,2362,412534
1182,1183,2,2364,1079809
1183,1184,2,2366,1768733
1184,1185,1,1184,153277
1185,1186,1,1185,107361
1188,1189,1,1188,384774
1190,1191,1,1190,120088
1192,1193,2,2384,313069
1194,1195,2,2388,1467768
1195,1196,1,1195,162520
1196,1197,3,3588,539814
1198,1199,2,2396,855732
1201,1202,1,1201,83888
1203,1204,1,1203,99692
1205,1206,2,2410,640963
1206,1207,2,2412,1817127
1207,1208,3,3621,535610
1211,1212,2,2422,242229
1212,1213,2,2424,522168
1213,1214,1,1213,85018
1214,1215,1,1214,1657080
1215,1216,1,1215,191823
1216,1217,3,3648,2085082
1218,1219,2,2436,229213
1219,1220,2,2438,764183
1224,1225,2,2448,617901
1225,1226,1,1225,145582
1226,1227,1,1226,369102
1227,1228,2,2454,1851306
1228,1229,2,2456,1660129
1232,1233,1,1232,1702709
1234,1235,1,1234,360788
1235,1236,3,3705,1916327
1239,1240,1,1239,219080
1241,1242,1,1241,87610
1243,1244,1,1243,770238
1244,1245,1,1244,124202
1246,1247,2,2492,661457
1249,1250,1,1249,145077
1250,1251,1,1250,279252
1253,1254,1,1253,1809862
1255,1256,1,1255,179786
1257,1258,1,1257,101967
1258,1259,1,1258,147052
1259,1260,2,2518,442684
1260,1261,2,2520,544214
1261,1262,2,2522,344123
1263,1264,1,1263,203326
1264,1265,1,1264,1723509
1265,1266,2,2530,1556906
1267,1268,1,1267,98826
1271,1272,1,1271,99138
1272,1273,1,1272,102145
1273,1274,2,2546,430857
1275,1276,3,3825,3863672
1277,1278,1,1277,168833
1279,1280,1,1279,1733343
1280,1281,2,2560,1305203
1281,1282,1,1281,421929
1283,1284,1,1283,88032
1284,1285,1,1284,100152
1285,1286,1,1285,150206
1286,1287,3,3858,3007815
1287,1288,1,1287,89994
1288,1289,1,1288,100464
1289,1290,1,1289,216422
1290,1291,3,3870,1688805
1291,1292,1,1291,1255066
1292,1293,2,2584,1028677
1294,1295,2,2588,2104765
1297,1298,2,2594,1123474
1298,1299,1,1298,332974
1300,1301,1,1300,135820
1302,1303,4,5208,972796
1303,1304,1,1303,1743261
1305,1306,1,1305,340123
1306,1307,1,1306,128103
1308,1309,1,1308,1254452
1309,1310,1,1309,126409
1310,1311,2,2620,1606220
1312,1313,1,1312,1278645
1313,1314,1,1313,307798
1314,1315,2,2628,348011
1315,1316,2,2630,607731
1316,1317,3,3948,3451127
1317,1318,1,1317,1156691
1319,1320,2,2638,358875
1324,1325,1,1324,215072
1325,1326,1,1325,1830787
1326,1327,1,1326,108802
1329,1330,1,1329,222818
1330,1331,2,2660,1736576
1331,1332,1,1331,1828650
1332,1333,2,2664,303854
1333,1334,1,1333,346788
1334,1335,1,1334,191357
1336,1337,2,2672,424232
1339,1340,2,2678,1236019
1341,1342,1,1341,132552
1343,1344,1,1343,1722746
1345,1346,2,2690,2237871
1346,1347,1,1346,867539
1347,1348,2,2694,333651
1348,1349,1,1348,2029983
1349,1350,2,2698,1776031
1350,1351,1,1350,106660
1351,1352,2,2702,2007230
1353,1354,1,1353,183724
1354,1355,1,1354,179173
1358,1359,1,1358,1978687
1363,1364,2,2726,504946
1364,1365,1,1364,169747
1370,1371,2,2740,2096156
1371,1372,3,4113,1889335
1372,1373,2,2744,568823
1373,1374,1,1373,288469
1374,1375,3,4122,2177262
1377,1378,2,2754,578829
1379,1380,1,1379,1819088
1380,1381,1,1380,417588
1383,1384,1,1383,196206
1385,1386,1,1385,226097
1386,1387,2,2772,571468
1387,1388,3,4161,1138556
1390,1391,1,1390,291518
1391,1392,1,1391,135055
1394,1395,1,1394,1532302
1395,1396,1,1395,286841
1396,1397,2,2792,2108913
1399,1400,2,2798,2928617
1401,1402,1,1401,137170
1406,1407,1,1406,1161900
1407,1408,1,1407,268272
1408,1409,1,1408,1182950
1409,1410,1,1409,387571
1410,1411,1,1410,311214
1411,1412,1,1411,184998
1413,1414,2,2826,1884066
1414,1415,3,4242,2806220
1415,1416,2,2830,1689924
1417,1418,1,1417,986027
1422,1423,1,1422,411672
1424,1425,2,2848,1584173
1426,1427,3,4278,446175
1430,1431,1,1430,1991570
1432,1433,1,1432,915025
1434,1435,1,1434,456274
1436,1437,1,1436,221118
1437,1438,1,1437,233118
1440,1441,1,1440,108256
1441,1442,1,1441,1150117
1442,1443,2,2884,190344
1443,1444,1,1443,144603
1446,1447,1,1446,126857
1447,1448,3,4341,2673921
1449,1450,2,2898,275755
1451,1452,1,1451,144088
1452,1453,1,1452,247832
1454,1455,1,1454,113412
1457,1458,1,1457,1546221
1458,1459,1,1458,271124
1463,1464,2,2926,1452666
1464,1465,1,1464,114192
1465,1466,3,4395,2226983
1467,1468,1,1467,2053428
1468,1469,4,5872,962589
1469,1470,1,1469,298991
1471,1472,1,1471,126317
1472,1473,2,2944,1550915
1473,1474,1,1473,186422
1475,1476,1,1475,186598
1477,1478,2,2954,1398765
1479,1480,3,4437,829355
1480,1481,1,1480,356814
1481,1482,2,2962,1588399
1482,1483,2,2964,223634
1483,1484,3,4449,839986
1485,1486,2,2970,3622095
1489,1490,2,2978,554388
1492,1493,1,1492,632287
1493,1494,2,2986,474413
1495,1496,1,1495,208286
1497,1498,2,2994,1010016
1498,1499,1,1498,503649
1500,1501,4,6000,4494052
1501,1502,1,1501,2091343
1502,1503,1,1502,1955350
1503,1504,1,1503,129024
1504,1505,1,1504,217714
1507,1508,1,1507,325205
1508,1509,1,1508,788673
1509,1510,1,1509,894633
1510,1511,1,1510,146179
1511,1512,1,1511,2097517
1512,1513,3,4536,3829212
1513,1514,2,3026,562239
1516,1517,2,3032,1564185
1520,1521,2,3040,503728
1521,1522,1,1521,159695
1522,1523,3,4566,666262
1523,1524,1,1523,160493
1524,1525,1,1524,118864
1525,1526,2,3050,258308
1526,1527,1,1526,121619
1527,1528,1,1527,255054
1529,1530,2,3058,393247
1530,1531,1,1530,115292
1531,1532,1,1531,175878
1539,1540,1,1539,1826557
1540,1541,1,1540,2109194
1544,1545,1,1544,1550310
1545,1546,2,3090,233040
1546,1547,1,1546,1430902
1553,1554,1,1553,1603427
1556,1557,1,1556,1039414
1558,1559,1,1558,2053192
1563,1564,1,1563,554489
1566,1567,1,1566,254569
1569,1570,1,1569,227757
1570,1571,3,4710,2422048
1574,1575,3,4722,899453
1575,1576,1,1575,174205
1576,1577,1,1576,393455
1578,1579,2,3156,478818
1579,1580,1,1579,204789
1581,1582,2,3162,1903847
1582,1583,2,3164,282395
1586,1587,1,1586,199185
1589,1590,1,1589,123942
1590,1591,3,4770,3487228
1592,1593,2,3184,368156
1595,1596,1,1595,902337
1604,1605,1,1604,950439
1606,1607,1,1606,609023
1608,1609,2,3216,2342550
1610,1611,1,1610,239311
1613,1614,2,3226,331360
1614,1615,2,3228,777948
1624,1625,1,1624,2394578
1627,1628,1,1627,189213
1630,1631,5,8150,1848059
1631,1632,3,4893,1615523
1632,1633,5,8160,1849391
1636,1637,1,1636,227581
1638,1639,1,1638,298388
1639,1640,2,3278,2796124
1644,1645,1,1644,1453414
1645,1646,2,3290,843666
1649,1650,2,3298,248462
1650,1651,1,1650,231462
1651,1652,1,1651,347682
1652,1653,1,1652,238796
1654,1655,1,1654,2275010
1656,1657,2,3312,320646
1660,1661,2,3320,1174163
1661,1662,1,1661,2274873
1663,1664,1,1663,235002
1665,1666,1,1665,165355
1666,1667,1,1666,275826
1668,1669,1,1668,173710
1670,1671,1,1670,164015
1671,1672,1,1671,1195405
1675,1676,1,1675,1791643
1677,1678,3,5031,883739
1679,1680,2,3358,2047245
1682,1683,1,1682,227638
1684,1685,1,1684,273469
1687,1688,1,1687,1673381
1688,1689,1,1688,1939496
1689,1690,2,3378,2557746
1690,1691,1,1690,205869
1691,1692,2,3382,4225928
1692,1693,1,1692,2400228
1693,1694,1,1693,487138
1695,1696,2,3390,2084348
1696,1697,1,1696,208446
1697,1698,2,3394,642349
1698,1699,1,1698,129382
1703,1704,1,1703,1328981
1705,1706,1,1705,311448
1706,1707,1,1706,353345
1707,1708,1,1707,169202
1708,1709,1,1708,2207726
1710,1711,3,5130,977435
1712,1713,1,1712,144688
1716,1717,1,1716,1070855
1717,1718,2,3434,1256571
1719,1720,1,1719,1988138
1720,1721,1,1720,212832
1722,1723,2,3444,4078324
1723,1724,1,1723,1343023
1728,1729,1,1728,325652
1730,1731,1,1730,157672
1734,1735,1,1734,1263880
1735,1736,1,1735,272809
1737,1738,1,1737,1710599
1740,1741,1,1740,386778
1741,1742,1,1741,228884
1743,1744,1,1743,258179
1745,1746,1,1745,551668
1746,1747,2,3492,262696
1752,1753,1,1752,189448
1753,1754,1,1753,994429
1754,1755,1,1754,225479
1758,1759,2,3516,2162255
1760,1761,2,3520,713602
1761,1762,3,5283,3386274
1763,1764,1,1763,538351
1766,1767,2,3532,481213
1767,1768,1,1767,140046
1768,1769,2,3536,2723708
1771,1772,2,3542,590670
1772,1773,1,1772,2402046
1773,1774,1,1773,2436410
1779,1780,1,1779,294559
1781,1782,1,1781,344000
1784,1785,1,1784,190546
1787,1788,1,1787,2272213
1788,1789,1,1788,317358
1789,1790,3,5367,4982519
1790,1791,1,1790,148377
1791,1792,1,1791,196229
1792,1793,2,3584,977851
1793,1794,2,3586,1236712
1794,1795,1,1794,630998
1796,1797,1,1796,173901
1797,1798,1,1797,1128259
1798,1799,1,1798,993629
1801,1802,1,1801,2323904
1802,1803,1,1802,2437572
1803,1804,1,1803,2175252
1806,1807,1,1806,490767
1807,1808,1,1807,177298
1809,1810,1,1809,195982
1810,1811,2,3620,293220
1815,1816,1,1815,2575545
1816,1817,1,1816,956612
1817,1818,1,1817,309535
1818,1819,1,1818,355391
1820,1821,2,3640,755101
1821,1822,1,1821,392885
1823,1824,1,1823,127718
1825,1826,2,3650,2611976
1827,1828,2,3654,2890833
1828,1829,2,3656,1800499
1829,1830,1,1829,238264
1830,1831,3,5490,830715
1831,1832,1,1831,128436
1833,1834,1,1833,279668
1834,1835,1,1834,1960857
1835,1836,1,1835,245157
1837,1838,6,11022,4759239
1838,1839,1,1838,2540610
1839,1840,1,1839,239812
1841,1842,1,1841,119944
1842,1843,1,1842,1866908
1843,1844,2,3686,611210
1846,1847,2,3692,558569
1847,1848,1,1847,252402
1849,1850,1,1849,450332
1850,1851,1,1850,188175
1852,1853,2,3704,526611
1853,1854,1,1853,180518
1855,1856,1,1855,1884233
1859,1860,2,3718,2470008
1860,1861,2,3720,2016278
1862,1863,2,3724,1424292
1863,1864,1,1863,169765
1864,1865,1,1864,2759395
1865,1866,1,1865,466723
1866,1867,1,1866,2249257
1867,1868,1,1867,1745860
1870,1871,1,1870,357769
1871,1872,2,3742,3033529
1875,1876,1,1875,2259597
1876,1877,1,1876,1954009
1877,1878,1,1877,255272
1881,1882,1,1881,256144
1885,1886,2,3770,908570
1887,1888,1,1887,304807
1890,1891,1,1890,239907
1892,1893,2,3784,2515247
1894,1895,1,1894,190051
1896,1897,1,1896,466396
1899,1900,1,1899,2157276
1904,1905,2,3808,583792
1905,1906,1,1905,259080
1909,1910,1,1909,277823
1914,1915,2,3828,2764086
1915,1916,1,1915,1369206
1916,1917,2,3832,546814
1925,1926,1,1925,252574
1926,1927,1,1926,1310857
1927,1928,1,1927,613928
1929,1930,2,3858,727959
1930,1931,1,1930,1922317
1932,1933,2,3864,766509
1934,1935,1,1934,470411
1938,1939,1,1938,2043329
1943,1944,1,1943,312665
1946,1947,1,1946,1805893
1947,1948,1,1947,245825
1953,1954,1,1953,1233600
1954,1955,5,9770,2654143
1960,1961,1,1960,658980
1961,1962,1,1961,391979
1964,1965,1,1964,278781
1967,1968,2,3934,1976144
1970,1971,1,1970,187700
1974,1975,1,1974,1981193
1976,1977,1,1976,1973222
1977,1978,1,1977,207998
1978,1979,1,1978,170282
1980,1981,1,1980,433383
1987,1988,1,1987,305827
1990,1991,1,1990,316580
1994,1995,2,3988,686987
1996,1997,2,3992,2127568
1999,2000,1,1999,2967852
2002,2003,1,2002,333100
2004,2005,1,2004,2740572
2007,2008,1,2007,415763
2012,2013,2,4024,4266781
2013,2014,1,2013,218009
2014,2015,1,2014,1819189
2015,2016,2,4030,2337796
2019,2020,1,2019,2334057
2021,2022,1,2021,1496366
2025,2026,1,2025,317755
2026,2027,1,2026,200870
2027,2028,3,6081,832227
2029,2030,1,2029,152937
2033,2034,1,2033,2326940
2035,2036,1,2035,371348
2039,2040,1,2039,247677
2041,2042,2,4082,3409152
2042,2043,1,2042,460852
2045,2046,1,2045,1731166
2048,2049,1,2048,2825181
2051,2052,3,6153,516645
2052,2053,2,4104,2284674
2053,2054,1,2053,858154
2074,2075,1,2074,2387366
2077,2078,1,2077,155916
2078,2079,1,2078,142442
2079,2080,1,2079,3011873
2080,2081,1,2080,2212282
2085,2086,1,2085,337374
2090,2091,1,2090,469709
2092,2093,1,2092,133888
2095,2096,1,2095,1286073
2097,2098,2,4194,851831
2101,2102,2,4202,2672530
2107,2108,1,2107,576189
2112,2113,1,2112,148941
2114,2115,2,4228,998261
2115,2116,2,4230,4271733
2116,2117,1,2116,2297177
2117,2118,1,2117,489247
2118,2119,1,2118,508941
2121,2122,2,4242,1022322
2127,2128,1,2127,289272
2137,2138,1,2137,149083
2138,2139,2,4276,2391541
2140,2141,1,2140,212737
2142,2143,1,2142,720171
2144,2145,1,2144,228347
2146,2147,1,2146,3200862
2147,2148,1,2147,522541
2152,2153,2,4304,446751
2157,2158,2,4314,715934
2158,2159,1,2158,240599
2161,2162,1,2161,477037
2170,2171,2,4340,894917
2171,2172,1,2171,673907
2178,2179,1,2178,554827
2184,2185,4,8736,5582531
2185,2186,1,2185,297722
2186,2187,1,2186,3046113
2187,2188,1,2187,355002
2190,2191,1,2190,411358
2191,2192,1,2191,539522
2198,2199,1,2198,738999
2199,2200,1,2199,2294190
2202,2203,1,2202,295394
2203,2204,1,2203,328873
2207,2208,1,2207,365779
2208,2209,2,4416,3444438
2209,2210,2,4418,3657346
2212,2213,1,2212,743706
2219,2220,1,2219,2933223
2224,2225,1,2224,193389
2225,2226,1,2225,170013
2226,2227,1,2226,748413
2227,2228,1,2227,302872
2233,2234,1,2233,602971
2247,2248,1,2247,2412057
2254,2255,1,2254,155447
2256,2257,1,2256,1603755
2257,2258,1,2257,474079
2264,2265,2,4528,3357534
2265,2266,1,2265,358993
2266,2267,1,2266,3231400
2268,2269,1,2268,231177
2271,2272,1,2271,529073
2272,2273,2,4544,341990
2279,2280,1,2279,2335567
2280,2281,1,2280,2500906
2285,2286,1,2285,563868
2287,2288,1,2287,248995
2295,2296,1,2295,241971
2298,2299,1,2298,1832426
2301,2302,1,2301,779423
2311,2312,1,2311,491732
2318,2319,1,2318,3205336
2323,2324,2,4646,5335522
2334,2335,1,2334,235568
2337,2338,1,2337,462726
2338,2339,1,2338,446083
2344,2345,2,4688,4536697
2346,2347,1,2346,2542021
2353,2354,1,2353,243412
2356,2357,1,2356,3497273
2358,2359,2,4716,2830517
2359,2360,1,2359,518465
2360,2361,1,2360,714136
2363,2364,1,2363,2334662
2364,2365,1,2364,446062
2370,2371,1,2370,276904
2376,2377,1,2376,798420
2379,2380,1,2379,2401512
2381,2382,1,2381,428546
2382,2383,1,2382,202419
2385,2386,2,4770,1135995
2388,2389,2,4776,817714
2390,2391,1,2390,607705
2391,2392,1,2391,407170
2396,2397,1,2396,1765147
2402,2403,1,2402,335350
2405,2406,1,2405,168858
2406,2407,1,2406,2648027
2413,2414,2,4826,5692169
2415,2416,1,2415,3354762
2417,2418,1,2417,1918266
2423,2424,1,2423,435633
2424,2425,1,2424,362254
2425,2426,1,2425,175063
2427,2428,1,2427,471150
2429,2430,1,2429,384471
2430,2431,2,4860,4976452
2431,2432,1,2431,1482501
2432,2433,1,2432,3337052
2439,2440,1,2439,3021348
2455,2456,1,2455,2202792
2460,2461,1,2460,314857
2464,2465,1,2464,212759
2465,2466,3,7395,3989952
2469,2470,1,2469,424947
2470,2471,1,2470,399686
2471,2472,1,2471,230050
2474,2475,1,2474,2679230
2475,2476,1,2475,337837
2481,2482,1,2481,1957016
2493,2494,2,4986,4982011
2499,2500,1,2499,317534
2501,2502,1,2501,418883
2507,2508,1,2507,313925
2508,2509,1,2508,3476085
2514,2515,1,2514,3402791
2515,2516,1,2515,525860
2516,2517,1,2516,2749765
2517,2518,2,5034,908446
2518,2519,1,2518,3381333
2519,2520,2,5038,3625082
2521,2522,2,5042,2126686
2522,2523,1,2522,200270
2524,2525,1,2524,2358464
2527,2528,1,2527,3685472
2528,2529,1,2528,248179
2530,2531,1,2530,344118
2535,2536,1,2535,2456745
2536,2537,2,5072,1029143
2538,2539,1,2538,1060884
2540,2541,1,2540,2782600
2543,2544,1,2543,2133792
2544,2545,1,2544,1929663
2549,2550,1,2549,541946
2555,2556,1,2555,3152296
2569,2570,1,2569,2440880
2573,2574,1,2573,2817220
2574,2575,1,2574,2988183
2580,2581,1,2580,2792532
2581,2582,2,5162,945657
2587,2588,1,2587,165568
2593,2594,3,7779,4293127
2596,2597,1,2596,830611
2597,2598,1,2597,182640
2599,2600,1,2599,631251
2602,2603,1,2602,2278622
2603,2604,3,7809,1100999
2605,2606,1,2605,170610
2610,2611,2,5220,3979897
2614,2615,1,2614,262268
2617,2618,1,2617,206185
2620,2621,1,2620,3645977
2626,2627,1,2626,389399
2631,2632,1,2631,357486
2632,2633,2,5264,3905641
2634,2635,1,2634,2683512
2636,2637,1,2636,993900
2641,2642,1,2641,347297
2648,2649,1,2648,690675
2654,2655,3,7962,8141263
2661,2662,1,2661,2049341
2662,2663,1,2662,735637
2665,2666,1,2665,796424
2667,2668,1,2667,2722630
2669,2670,1,2669,3008958
2671,2672,1,2671,391514
2679,2680,1,2679,3055455
2680,2681,1,2680,368548
2682,2683,1,2682,271955
2683,2684,1,2683,2190858
2688,2689,1,2688,3732315
2692,2693,1,2692,555518
2693,2694,2,5386,1020003
2701,2702,1,2701,191073
2702,2703,1,2702,686880
2709,2710,1,2709,278219
2710,2711,1,2710,3658053
2712,2713,1,2712,387653
2713,2714,3,8139,7680934
2714,2715,1,2714,282717
2717,2718,1,2717,457467
2727,2728,1,2727,3584882
2733,2734,1,2733,466273
2738,2739,1,2738,3152674
2741,2742,1,2741,748008
2743,2744,1,2743,2480441
2745,2746,1,2745,3786163
2748,2749,1,2748,602608
2761,2762,1,2761,469223
2764,2765,1,2764,3234144
2765,2766,1,2765,3838150
2769,2770,2,5538,711643
2770,2771,1,2770,838202
2772,2773,1,2772,2455441
2776,2777,1,2776,276388
2780,2781,1,2780,284739
2785,2786,1,2785,630091
2791,2792,1,2791,3887837
2794,2795,1,2794,282833
2795,2796,1,2795,551101
2800,2801,1,2800,574005
2809,2810,1,2809,322193
2814,2815,2,5628,3825327
2817,2818,1,2817,341258
2831,2832,1,2831,181184
2832,2833,1,2832,545473
2838,2839,1,2838,3240118
2842,2843,1,2842,547320
2843,2844,1,2843,429788
2848,2849,1,2848,644750
2849,2850,1,2849,584696
2875,2876,1,2875,544257
2877,2878,3,8631,9986471
2886,2887,1,2886,2835043
2888,2889,1,2888,474940
2899,2900,1,2899,951424
2903,2904,1,2903,291312
2911,2912,1,2911,1790184
2915,2916,1,2915,571244
2917,2918,1,2917,3963713
2928,2929,2,5856,427235
2929,2930,1,2929,4049039
2932,2933,1,2932,399141
2941,2942,1,2941,234783
2942,2943,1,2942,982871
2943,2944,1,2943,490914
2946,2947,1,2946,363734
2957,2958,1,2957,330990
2959,2960,1,2959,3538000
2960,2961,2,5920,3110381
2965,2966,1,2965,375577
2970,2971,1,2970,3299301
2972,2973,1,2972,4097648
2980,2981,1,2980,4138922
2988,2989,1,2988,3721441
3000,3001,1,3000,766854
3010,3011,1,3010,1010900
3013,3014,1,3013,3204045
3016,3017,1,3016,226688
3021,3022,1,3021,3576454
3024,3025,1,3024,3431071
3037,3038,1,3037,3888024
3039,3040,1,3039,3313833
3041,3042,1,3041,4218458
3042,3043,1,3042,3429713
3047,3048,1,3047,3411462
3052,3053,1,3052,708597
3053,3054,1,3053,4165348
3063,3064,1,3063,315642
3071,3072,1,3071,2812346
3083,3084,1,3083,3599785
3090,3091,1,3090,4383605
3093,3094,1,3093,1614544
3095,3096,1,3095,4296645
3103,3104,1,3103,3314000
3108,3109,1,3108,1044954
3109,3110,1,3109,447982
3130,3131,1,3130,4330389
3142,3143,1,3142,3417175
3147,3148,1,3147,2117188
3155,3156,1,3155,2158852
3163,3164,1,3163,343248
3173,3174,1,3173,4382118
3182,3183,1,3182,835532
3189,3190,1,3189,1519752
3207,3208,1,3207,229593
3213,3214,1,3213,338148
3215,3216,2,6430,7738981
3219,3220,1,3219,809674
3220,3221,1,3220,543218
3222,3223,1,3222,619398
3229,3230,1,3229,206656
3231,3232,1,3231,514894
3232,3233,1,3232,3272037
3248,3249,2,6496,1359980
3251,3252,1,3251,486317
3256,3257,1,3256,2090138
3257,3258,1,3257,3166715
3258,3259,2,6516,8323017
3267,3268,1,3267,284980
3271,3272,1,3271,3760025
3277,3278,1,3277,690217
3278,3279,1,3278,325445
3281,3282,1,3281,507909
3285,3286,1,3285,807083
3286,3287,2,6572,4441167
3288,3289,1,3288,1022053
3290,3291,2,6580,1511409
3294,3295,1,3294,4413470
3295,3296,1,3295,432152
3296,3297,1,3296,730120
3297,3298,1,3297,749546
3306,3307,2,6612,4124152
3307,3308,2,6614,9385010
3312,3313,1,3312,551063
3328,3329,2,6656,2726214
3329,3330,1,3329,233666
3330,3331,1,3330,215170
3334,3335,1,3334,4610970
3341,3342,1,3341,605048
3342,3343,1,3342,3403602
3346,3347,1,3346,3265810
3347,3348,3,10041,6263792
3348,3349,1,3348,435835
3350,3351,2,6700,1521892
3354,3355,1,3354,577799
3355,3356,2,6710,889018
3363,3364,1,3363,388748
3366,3367,2,6732,5140228
3380,3381,2,6760,919360
3383,3384,1,3383,4826922
3391,3392,1,3391,408638
3395,3396,2,6790,4246971
3398,3399,1,3398,380358
3401,3402,2,6802,868028
3402,3403,1,3402,312657
3409,3410,2,6818,1839800
3416,3417,1,3416,1148508
3419,3420,1,3419,2030152
3422,3423,1,3422,3424682
3423,3424,1,3423,618926
3426,3427,2,6852,902230
3433,3434,1,3433,623973
3434,3435,1,3434,237518
3436,3437,1,3436,575919
3441,3442,1,3441,342101
3443,3444,1,3443,784409
3459,3460,1,3459,1203705
3460,3461,1,3460,4313924
3463,3464,1,3463,623146
3486,3487,1,3486,3970940
3493,3494,1,3493,1000280
3498,3499,2,6996,5963829
3506,3507,1,3506,681928
3510,3511,1,3510,3429427
3511,3512,1,3511,3949359
3515,3516,1,3515,335735
3530,3531,1,3530,654418
3534,3535,3,10602,4303672
3542,3543,1,3542,4130450
3546,3547,1,3546,690584
3548,3549,1,3548,336770
3551,3552,1,3551,446786
3557,3558,1,3557,3247149
3563,3564,1,3563,695461
3576,3577,1,3576,750543
3577,3578,1,3577,4240047
3580,3581,1,3580,776887
3581,3582,1,3581,587195
3587,3588,1,3587,4958405
3598,3599,1,3598,1209699
3607,3608,1,3607,792466
3615,3616,1,3615,4095736
3618,3619,1,3618,964420
3619,3620,1,3619,2462809
3621,3622,1,3621,272161
3625,3626,1,3625,831320
3626,3627,1,3626,366502
3633,3634,1,3633,744651
3649,3650,1,3649,672253
3651,3652,1,3651,5158632
3652,3653,1,3652,2959189
3654,3655,1,3654,1228527
3664,3665,1,3664,390974
3668,3669,1,3668,3605255
3669,3670,1,3669,4187091
3670,3671,1,3670,545341
3674,3675,1,3674,390404
3675,3676,1,3675,600933
3679,3680,1,3679,1537822
3686,3687,1,3686,754388
3687,3688,1,3687,568361
3689,3690,1,3689,863253
3690,3691,1,3690,4062981
3693,3694,1,3693,1473777
3695,3696,1,3695,4526878
3703,3704,1,3703,777856
3708,3709,2,7416,1558672
3710,3711,1,3710,1247355
3713,3714,1,3713,566774
3719,3720,1,3719,4628074
3720,3721,1,3720,368280
3721,3722,1,3721,4312578
3722,3723,1,3722,3050572
3744,3745,1,3744,3996178
3754,3755,1,3754,3064084
3757,3758,1,3757,467960
3771,3772,1,3771,713684
3777,3778,1,3777,262568
3784,3785,2,7568,613008
3789,3790,1,3789,242496
3801,3802,1,3801,1129676
3809,3810,1,3809,275174
3814,3815,1,3814,618780
3824,3825,1,3824,500359
3826,3827,1,3826,2840350
3837,3838,1,3837,397692
3851,3852,1,3851,1070524
3853,3854,1,3853,4414293
3854,3855,1,3854,594750
3858,3859,1,3858,4498739
3881,3882,1,3881,4604582
3886,3887,1,3886,5635991
3912,3913,2,7824,1885584
3918,3919,1,3918,994579
3922,3923,1,3922,433998
3933,3934,1,3933,815130
3937,3938,2,7874,5160020
3949,3950,1,3949,5416124
3960,3961,1,3960,4462222
3966,3967,1,3966,776972
3975,3976,1,3975,1686422
3976,3977,2,7952,1916432
3991,3992,1,3991,431574
4006,4007,1,4006,584351
4007,4008,1,4007,386130
4015,4016,1,4015,399805
4019,4020,1,4019,257216
4021,4022,2,8042,7205752
4022,4023,2,8044,6162066
4026,4027,1,4026,404388
4032,4033,1,4032,1355616
4038,4039,1,4038,4410769
4040,4041,1,4040,1787680
4041,4042,1,4041,5606562
4071,4072,1,4071,260544
4074,4075,1,4074,1702932
4085,4086,1,4085,429034
4087,4088,1,4087,862380
4092,4093,1,4092,4804798
4097,4098,1,4097,5669886
4100,4101,1,4100,533323
4130,4131,1,4130,1297615
4146,4147,1,4146,635325
4156,4157,1,4156,510869
4161,4162,1,4161,4878243
4164,4165,1,4164,520312
4177,4178,1,4177,5008048
4180,4181,5,20900,7264840
4182,4183,1,4182,5712566
4186,4187,1,4186,1407393
4192,4193,1,4192,892624
4198,4199,2,8396,5484081
4211,4212,1,4211,404257
4213,4214,1,4213,3184679
4220,4221,1,4220,355000
4222,4223,1,4222,4764676
4226,4227,1,4226,5290141
4229,4230,1,4229,4808404
4230,4231,1,4230,1279998
4232,4233,1,4232,2970630
4239,4240,1,4239,5137864
4251,4252,1,4251,421583
4255,4256,1,4255,900748
4262,4263,1,4262,2630182
4268,4269,1,4268,294718
4279,4280,2,8558,1269436
4290,4291,1,4290,898611
4294,4295,1,4294,546178
4302,4303,1,4302,3013922
4314,4315,1,4314,587548
4320,4321,1,4320,5913433
4323,4324,1,4323,1926708
4327,4328,1,4327,5910341
4332,4333,1,4332,5972330
4333,4334,1,4333,1036136
4384,4385,1,4384,4390238
4387,4388,1,4387,6493777
4394,4395,1,4394,408321
4395,4396,1,4395,1271905
4402,4403,1,4402,639994
4405,4406,2,8810,2123210
4408,4409,1,4408,839356
4415,4416,1,4415,5992688
4418,4419,1,4418,1458223
4430,4431,2,8860,2681036
4431,4432,1,4431,638318
4435,4436,1,4435,688608
4438,4439,1,4438,1492119
4447,4448,1,4447,892251
4449,4450,1,4449,4327657
4451,4452,1,4451,5782972
4457,4458,1,4457,713898
4474,4475,1,4474,2637314
4483,4484,1,4483,5467907
4519,4520,1,4519,4870939
4525,4526,1,4525,6157659
4530,4531,2,9060,1379116
4531,4532,1,4531,525030
4533,4534,1,4533,5399253
4535,4536,1,4535,4879346
4542,4543,1,4542,4932967
4543,4544,1,4543,3488193
4545,4546,1,4545,5609416
4546,4547,1,4546,5925518
4550,4551,1,4550,5252059
4578,4579,1,4578,1539189
4587,4588,1,4587,812724
4593,4594,1,4593,3802420
4594,4595,1,4594,471824
4601,4602,1,4601,941570
4609,4610,1,4609,2820476
4614,4615,1,4614,718697
4615,4616,1,4615,4139526
4623,4624,2,9246,11306233
4652,4653,2,9304,6786193
4666,4667,1,4666,379858
4675,4676,1,4675,6441632
4683,4684,1,4683,299712
4684,4685,1,4684,1280174
4686,4687,1,4686,5646727
4689,4690,1,4689,5370785
4692,4693,1,4692,484423
4706,4707,1,4706,6185952
4714,4715,1,4714,6562981
4732,4733,1,4732,1590966
4738,4739,1,4738,923710
4743,4744,1,4743,2780634
4755,4756,1,4755,5159433
4757,4758,1,4757,308963
4760,4761,1,4760,867166
4765,4766,1,4765,708085
4766,4767,1,4766,1992188
4767,4768,1,4767,305088
4788,4789,1,4788,1609794
4811,4812,1,4811,5361604
4828,4829,1,4828,480829
4831,4832,1,4831,6025077
4834,4835,1,4834,1024633
4836,4837,2,9672,783432
4854,4855,1,4854,492550
4863,4864,1,4863,4058125
4873,4874,1,4873,839390
4890,4891,1,4890,4569220
4891,4892,1,4891,966390
4927,4928,1,4927,1072434
4932,4933,1,4932,3223136
4935,4936,1,4935,2062830
4936,4937,1,4936,695549
4943,4944,1,4943,6222204
4944,4945,1,4944,6864682
4948,4949,1,4948,1392250
4953,4954,1,4953,1504611
4974,4975,1,4974,6896562
4985,4986,1,4985,1053543
4988,4989,1,4988,678368
4990,4991,1,4990,678640
4991,4992,1,4991,750102
4996,4997,1,4996,4692895
5002,5003,1,5002,680272
5003,5004,1,5003,957522
5021,5022,1,5021,1096253
5026,5027,1,5026,1118352
5040,5041,1,5040,450150
5057,5058,2,10114,1736958
5058,5059,1,5058,727264
5070,5071,1,5070,1534182
5075,5076,2,10150,1762476
5077,5078,1,5077,5859558
5078,5079,1,5078,1146450
5080,5081,1,5080,2698230
5088,5089,1,5088,6131339
5093,5094,1,5093,581096
5095,5096,1,5095,487725
5099,5100,1,5099,7066498
5128,5129,1,5128,7171365
5130,5131,1,5130,722196
5135,5136,1,5135,770327
5142,5143,1,5142,905360
5147,5148,1,5147,413836
5151,5152,1,5151,378165
5153,5154,1,5153,513961
5168,5169,5,25840,8981984
5170,5171,2,10340,1514177
5175,5176,1,5175,925677
5177,5178,1,5177,2207449
5179,5180,1,5179,535263
5186,5187,1,5186,852271
5189,5190,1,5189,363729
5209,5210,1,5209,513952
5216,5217,1,5216,4237239
5220,5221,1,5220,474317
5222,5223,1,5222,1006938
5225,5226,1,5225,5505157
5234,5235,1,5234,6369363
5235,5236,1,5235,735908
5239,5240,1,5239,1224821
5241,5242,2,10482,6022711
5245,5246,1,5245,6011949
5249,5250,1,5249,733916
5312,5313,1,5312,4179975
5313,5314,1,5313,5563150
5333,5334,1,5333,6265317
5351,5352,1,5351,924721
5371,5372,1,5371,6082347
5372,5373,1,5372,771680
5390,5391,1,5390,1812195
5394,5395,1,5394,7789966
5395,5396,1,5395,7461125
5415,5416,1,5415,7070460
5421,5422,1,5421,2601809
5436,5437,1,5436,456065
5442,5443,1,5442,5322460
5466,5467,1,5466,5962696
5540,5541,2,11080,5969439
5548,5549,1,5548,388883
5557,5558,1,5557,7025495
5572,5573,1,5572,1873386
5576,5577,1,5576,1078327
5580,5581,2,11160,2251383
5584,5585,1,5584,445208
5588,5589,1,5588,838586
5643,5644,1,5643,1184003
5645,5646,1,5645,1157214
5649,5650,1,5649,880676
5652,5653,1,5652,361728
5653,5654,1,5653,361792
5654,5655,3,16962,9216140
5657,5658,1,5657,3608898
5668,5669,1,5668,370172
5671,5672,1,5671,1211452
5691,5692,1,5691,375473
5702,5703,3,17106,4151016
5703,5704,1,5703,7892186
5705,5706,1,5705,593660
5706,5707,1,5706,543345
5720,5721,3,17160,3621225
5731,5732,1,5731,427048
5734,5735,1,5734,608314
5747,5748,1,5747,7967451
5754,5755,1,5754,465872
5760,5761,1,5760,7975552
5775,5776,1,5775,641214
5781,5782,1,5781,1667199
5786,5787,1,5786,3749236
5797,5798,1,5797,970933
5805,5806,1,5805,2426490
5818,5819,1,5818,7936804
5835,5836,1,5835,8022538
5848,5849,1,5848,374272
5849,5850,2,11698,9042554
5850,5851,1,5850,374400
5861,5862,3,17583,3013318
5864,5865,1,5864,383246
5865,5866,1,5865,375360
5866,5867,1,5866,2451988
5885,5886,1,5885,8560494
5890,5891,1,5890,6538979
5896,5897,1,5896,6058508
5910,5911,1,5910,942747
5912,5913,1,5912,5798640
5923,5924,1,5923,3142877
5946,5947,1,5946,3098261
5953,5954,1,5953,841576
5956,5957,1,5956,1231955
6006,6007,1,6006,2019303
6012,6013,1,6012,669637
6024,6025,1,6024,8380886
6039,6040,1,6039,1127488
6065,6066,1,6065,8425788
6073,6074,1,6073,1265209
6083,6084,1,6083,1212315
6097,6098,1,6097,1214367
6103,6104,1,6103,782997
6130,6131,1,6130,940635
6131,6132,1,6131,8261712
6145,6146,1,6145,6105946
6171,6172,1,6171,1530766
6196,6197,1,6196,432177
6219,6220,1,6219,511890
6220,6221,1,6220,1197113
6225,6226,1,6225,8634092
6235,6236,1,6235,1154627
6239,6240,1,6239,6877888
6261,6262,2,12522,3236937
6354,6355,1,6354,1239480
6359,6360,1,6359,912846
6360,6361,1,6360,2521006
6392,6393,1,6392,9386279
6404,6405,1,6404,422723
6429,6430,1,6429,3749547
6432,6433,1,6432,411648
6434,6435,1,6434,411776
6440,6441,2,12880,9956240
6444,6445,1,6444,8938348
6451,6452,1,6451,454185
6472,6473,1,6472,1658587
6488,6489,1,6488,1037008
6500,6501,1,6500,1625200
6523,6524,1,6523,461462
6524,6525,1,6524,1075956
6530,6531,1,6530,934096
6544,6545,1,6544,1728403
6574,6575,1,6574,7144214
6581,6582,1,6581,574458
6584,6585,1,6584,507782
6586,6587,1,6586,970368
6593,6594,1,6593,1183016
6644,6645,1,6644,1460520
6647,6648,1,6647,2778446
6649,6650,1,6649,425536
6652,6653,1,6652,1436624
6666,6667,1,6666,1111977
6681,6682,1,6681,2262633
6706,6707,1,6706,1176786
6715,6716,1,6715,1469581
6748,6749,1,6748,9267022
6774,6775,1,6774,1396595
6777,6778,1,6777,470948
6781,6782,1,6781,650986
6788,6789,1,6788,1164710
6799,6800,1,6799,1089255
6816,6817,1,6816,608511
6833,6834,1,6833,480952
6846,6847,1,6846,1071371
6860,6861,1,6860,2306430
6862,6863,1,6862,978749
6874,6875,1,6874,1156303
6881,6882,1,6881,9861870
6894,6895,1,6894,9580837
6899,6900,1,6899,1099910
6916,6917,1,6916,1192434
6930,6931,1,6930,1114300
6939,6940,1,6939,8936547
6966,6967,1,6966,7681912
6985,6986,1,6985,9610473
6992,6993,1,6992,1712375
6995,6996,1,6995,524592
7007,7008,1,7007,1410814
7026,7027,1,7026,1401369
7051,7052,1,7051,1127596
7103,7104,1,7103,8475292
7105,7106,1,7105,1177889
7123,7124,1,7123,1746851
7130,7131,1,7130,1219199
7135,7136,1,7135,7445242
7154,7155,1,7154,1239635
7173,7174,1,7173,1443882
7192,7193,1,7192,460288
7213,7214,1,7213,1337566
7224,7225,1,7224,2428812
7236,7237,1,7236,807833
7245,7246,1,7245,1241503
7247,7248,1,7247,5638898
7259,7260,1,7259,1454691
7263,7264,1,7263,748468
7268,7269,1,7268,6012494
7271,7272,1,7271,6103495
7275,7276,1,7275,498093
7292,7293,1,7292,10232271
7300,7301,1,7300,3051400
7304,7305,1,7304,644773
7308,7309,1,7308,2457054
7313,7314,1,7313,506107
7327,7328,1,7327,9391970
7348,7349,1,7348,470272
7355,7356,1,7355,4211246
7367,7368,1,7367,9166673
7374,7375,1,7374,10067825
7395,7396,1,7395,1454715
7418,7419,1,7418,8751378
7425,7426,1,7425,8318530
7443,7444,1,7443,2240171
7458,7459,1,7458,2742379
7499,7500,1,7499,1409460
7523,7524,1,7523,10455502
7533,7534,1,7533,1052758
7564,7565,1,7564,8566120
7565,7566,1,7565,1544247
7586,7587,1,7586,1220288
7598,7599,1,7598,565589
7651,7652,1,7651,8325699
7682,7683,1,7682,1365398
7703,7704,1,7703,2509535
7747,7748,1,7747,668071
7756,7757,1,7756,11115853
7758,7759,1,7758,1864947
7774,7775,1,7774,1771630
7848,7849,1,7848,3280464
7877,7878,1,7877,575148
7887,7888,1,7887,6926792
7890,7891,1,7890,1140623
7891,7892,1,7891,1358444
7903,7904,1,7903,2242125
7949,7950,1,7949,1615572
7958,7959,1,7958,703242
7980,7981,1,7980,2414748
8028,8029,1,8028,1646097
8066,8067,1,8066,11976300
8068,8069,1,8068,1062880
8072,8073,1,8072,639738
8104,8105,1,8104,1595529
8121,8122,1,8121,7033924
8162,8163,1,8162,1273852
8190,8191,1,8190,2478294
8196,8197,1,8196,716596
8222,8223,1,8222,8038608
8227,8228,1,8227,569596
8251,8252,2,16502,2194766
8264,8265,2,16528,2198224
8273,8274,1,8273,577805
8293,8294,1,8293,2894918
8361,8362,2,16722,5267018
8388,8389,1,8388,11642706
8393,8394,2,16786,14455154
8412,8413,1,8412,8236151
8417,8418,1,8417,6882399
8441,8442,1,8441,1769658
8445,8446,1,8445,1515664
8464,8465,1,8464,741123
8483,8484,1,8483,1593271
8497,8498,1,8497,2813433
8536,8537,1,8536,1699076
8546,8547,1,8546,676148
8550,8551,1,8550,835888
8599,8600,1,8599,11924578
8609,8610,1,8609,1808858
8640,8641,1,8640,9906334
8655,8656,1,8655,614337
8671,8672,1,8671,913233
8689,8690,1,8689,1888364
8733,8734,1,8733,610220
8738,8739,1,8738,3048412
8763,8764,1,8763,2993285
8776,8777,1,8776,3591713
8794,8795,1,8794,7976977
8803,8804,1,8803,10348784
8816,8817,1,8816,12900837
8858,8859,1,8858,12280874
8864,8865,1,8864,1278682
8870,8871,1,8870,1844148
8879,8880,1,8879,1094670
8885,8886,1,8885,1903561
8894,8895,1,8894,1902151
8910,8911,1,8910,10110450
8915,8916,1,8915,1116046
8930,8931,1,8930,2110520
8932,8933,1,8932,3003066
8988,8989,1,8988,860529
9044,9045,2,18088,13982024
9046,9047,2,18092,4253649
9048,9049,2,18096,1158144
9054,9055,1,9054,1514756
9074,9075,1,9074,1740145
9097,9098,1,9097,3136564
9098,9099,1,9098,774909
9101,9102,1,9101,807998
9138,9139,1,9138,840555
9240,9241,1,9240,935763
9246,9247,1,9246,3247396
9249,9250,1,9249,3253457
9251,9252,1,9251,3719521
9282,9283,1,9282,1523334
9294,9295,1,9294,801170
9307,9308,1,9307,8971589
9345,9346,1,9345,874152
9387,9388,1,9387,3845780
9411,9412,1,9411,13009473
9416,9417,2,18832,2186375
9418,9419,1,9418,12362542
9448,9449,1,9448,654058
9484,9485,1,9484,897945
9519,9520,1,9519,13223876
9539,9540,1,9539,619492
9573,9574,1,9573,2125243
9582,9583,1,9582,613248
9585,9586,1,9585,13131145
9606,9607,1,9606,3891178
9668,9669,1,9668,4041224
9692,9693,1,9692,628604
9727,9728,1,9727,2033169
9749,9750,1,9749,1228573
9756,9757,1,9756,13533081
9762,9763,1,9762,1940309
9790,9791,1,9790,1365343
9794,9795,1,9794,1754678
9893,9894,1,9893,11274206
9918,9919,1,9918,1875603
9957,9958,1,9957,13827206
9959,9960,1,9959,14604371
9984,9985,1,9984,3916072
10032,10033,1,10032,7797142
10048,10049,1,10048,1693812
10081,10082,1,10081,701730
10085,10086,1,10085,2036986
10211,10212,2,20422,25509660
10239,10240,1,10239,918720
10387,10388,1,10387,664768
10393,10394,1,10393,1242961
10401,10402,1,10401,910157
10430,10431,1,10430,3506715
10453,10454,1,10453,3371380
10464,10465,1,10464,938683
10465,10466,1,10465,11290503
10525,10526,1,10525,730641
10537,10538,1,10537,4129928
10615,10616,1,10615,938831
10627,10628,1,10627,973222
10712,10713,1,10712,1092464
10726,10727,1,10726,744079
10729,10730,1,10729,1831045
10739,10740,1,10739,1091041
10759,10760,1,10759,8531590
10767,10768,1,10767,1339123
10818,10819,1,10818,1554332
10838,10839,1,10838,2337831
10842,10843,1,10842,1107528
10865,10866,2,21730,2757832
10894,10895,1,10894,11631980
10935,10936,1,10935,13420174
10948,10949,1,10948,3680874
10958,10959,1,10958,2687196
10964,10965,1,10964,14333575
10975,10976,1,10975,1779471
11014,11015,1,11014,7200590
11029,11030,1,11029,1501644
11067,11068,1,11067,2706848
11108,11109,1,11108,781695
11189,11190,1,11189,1700291
11196,11197,1,11196,1850529
11216,11217,1,11216,783398
11229,11230,1,11229,2040597
11300,11301,1,11300,1940555
11331,11332,1,11331,14617018
11363,11364,1,11363,790854
11438,11439,1,11438,15940147
11494,11495,1,11494,3864447
11624,11625,1,11624,2014979
11628,11629,1,11628,1581408
11658,11659,1,11658,856609
11659,11660,1,11659,1585624
11681,11682,1,11681,1588616
11682,11683,1,11682,1588752
11695,11696,1,11695,1590520
11701,11702,1,11701,773594
11704,11705,1,11704,1051986
11762,11763,1,11762,2471964
11843,11844,1,11843,3122737
11880,11881,1,11880,6882899
11893,11894,1,11893,980285
11931,11932,1,11931,16599454
11938,11939,1,11938,17042844
11970,11971,1,11970,4024485
12115,12116,1,12115,966698
12212,12213,1,12212,2029006
12246,12247,1,12246,863690
12299,12300,1,12299,3070736
12354,12355,1,12354,2388925
12367,12368,1,12367,6821411
12390,12391,1,12390,4165695
12391,12392,1,12391,1266170
12433,12434,1,12433,2679987
12450,12451,1,12450,3767370
12467,12468,1,12467,1284359
12475,12476,1,12475,2730584
12518,12519,1,12518,1190962
12521,12522,1,12521,1122692
12542,12543,1,12542,1192606
12571,12572,1,12571,12516947
12654,12655,1,12654,1092086
12688,12689,1,12688,6874490
12767,12768,1,12767,6576133
12797,12798,1,12797,2183270
12812,12813,1,12812,1334404
12837,12838,1,12837,15249863
12862,12863,1,12862,6363019
12894,12895,1,12894,6620706
12966,12967,1,12966,1250592
12982,12983,1,12982,2689266
13021,13022,2,26042,8798508
13035,13036,1,13035,2503647
13036,13037,1,13036,1404140
13043,13044,1,13043,1930379
13045,13046,1,13045,2414058
13059,13060,1,13059,15833922
13100,13101,1,13100,1637579
13154,13155,1,13154,2248301
13155,13156,1,13155,19328403
13170,13171,1,13170,2161503
13197,13198,1,13197,1082314
13199,13200,1,13199,2599713
13320,13321,1,13320,1318465
13325,13326,1,13325,10978129
13339,13340,1,13339,14582419
13427,13428,1,13427,1163615
13477,13478,1,13477,19706228
13487,13488,1,13487,8761025
13579,13580,1,13579,17562623
13580,13581,1,13580,1212857
13703,13704,1,13703,4557662
13879,13880,1,13879,2667206
13905,13906,1,13905,13871441
13912,13913,1,13912,11752074
13964,13965,1,13964,2764872
13982,13983,1,13982,3055305
14083,14084,1,14083,2025528
14127,14128,1,14127,3440225
14129,14130,1,14129,1187723
14131,14132,1,14131,1139023
14182,14183,1,14182,4768191
14233,14234,1,14233,1320169
14237,14238,1,14237,16840715
14260,14261,1,14260,3018464
14326,14327,1,14326,2283563
14343,14344,1,14343,1073847
14344,14345,1,14344,1305284
14369,14370,1,14369,3302383
14393,14394,1,14393,1079808
14462,14463,1,14462,8476531
14531,14532,1,14531,1426328
14602,14603,1,14602,1265423
14637,14638,1,14637,3275107
14678,14679,1,14678,939392
14682,14683,1,14682,21758724
14683,14684,1,14683,939712
14684,14685,1,14684,939776
14749,14750,1,14749,11341525
14754,14755,1,14754,1229251
14807,14808,1,14807,1194504
14820,14821,1,14820,1021620
14862,14863,1,14862,2373175
14863,14864,1,14863,1110285
14868,14869,1,14868,3432138
14874,14875,1,14874,2411825
14913,14914,1,14913,1463346
15004,15005,1,15004,2040544
15024,15025,1,15024,1118455
15031,15032,1,15031,4034927
15035,15036,1,15035,2044760
15085,15086,1,15085,21410351
15086,15087,1,15086,1098934
15090,15091,1,15090,13733896
15109,15110,1,15109,1577386
15119,15120,1,15119,1255153
15149,15150,1,15149,2060264
15230,15231,1,15230,14836957
15250,15251,1,15250,21893305
15371,15372,1,15371,20284411
15386,15387,1,15386,19936033
15499,15500,1,15499,12341154
15502,15503,1,15502,2295142
15533,15534,1,15533,2216237
15727,15728,1,15727,1391736
15759,15760,1,15759,8347821
15774,15775,1,15774,23154139
15926,15927,1,15926,22666741
15977,15978,1,15977,3599534
15981,15982,1,15981,1449767
15993,15994,1,15993,16481201
16009,16010,1,16009,2134605
16024,16025,1,16024,3811076
16069,16070,1,16069,2185384
16080,16081,1,16080,1029120
16081,16082,1,16081,6721858
16118,16119,1,16118,2192048
16150,16151,1,16150,1577909
16172,16173,1,16172,3922544
16210,16211,1,16210,2204560
16231,16232,1,16231,22609177
16250,16251,1,16250,2210000
16362,16363,1,16362,22825694
16417,16418,1,16417,3499422
16425,16426,1,16425,15768704
16428,16429,1,16428,24117964
16434,16435,1,16434,23314936
16463,16464,1,16463,14424587
16475,16476,1,16475,2429562
16504,16505,1,16504,3612671
16565,16566,1,16565,20436003
16570,16571,1,16570,15008248
16626,16627,1,16626,2701023
16709,16710,1,16709,2343477
16923,16924,1,16923,1490886
17058,17059,1,17058,24346238
17089,17090,1,17089,3112322
17108,17109,1,17108,1756169
17137,17138,1,17137,2330632
17164,17165,2,34328,20837981
17248,17249,1,17248,5799024
17316,17317,1,17316,11794936
17326,17327,1,17326,24172875
17394,17395,1,17394,15712655
17429,17430,1,17429,1909291
17436,17437,1,17436,1218863
17469,17470,1,17469,1507671
17505,17506,1,17505,8834920
17605,17606,1,17605,16206502
17639,17640,1,17639,1509302
17685,17686,1,17685,1393926
17690,17691,1,17690,3038683
17774,17775,1,17774,2456463
17776,17777,1,17776,3076798
17852,17853,1,17852,19013177
17898,17899,1,17898,26145806
17989,17990,1,17989,19145695
18092,18093,1,18092,1683469
18213,18214,1,18213,1818686
18216,18217,1,18216,3449428
18242,18243,1,18242,19465120
18400,18401,1,18400,10011918
18464,18465,1,18464,4399303
18626,18627,1,18626,3115984
18638,18639,1,18638,25904203
18682,18683,1,18682,15601923
18721,18722,1,18721,7266857
18755,18756,1,18755,2634273
18769,18770,1,18769,1612577
18811,18812,1,18811,1532495
18827,18828,1,18827,1566782
18916,18917,1,18916,5140615
18947,18948,1,18947,19084199
18981,18982,1,18981,17820692
19117,19118,1,19117,3450602
19151,19152,1,19151,2768025
19187,19188,1,19187,2609432
19225,19226,1,19225,2702994
19356,19357,1,19356,2064829
19360,19361,1,19360,16405491
19373,19374,1,19373,4385140
19374,19375,1,19374,3113983
19402,19403,1,19402,2969369
19427,19428,1,19427,10521361
19436,19437,1,19436,1349841
19440,19441,1,19440,28513257
19464,19465,1,19464,2520930
19473,19474,1,19473,4327654
19513,19514,1,19513,4026450
19537,19538,1,19537,3939092
19588,19589,1,19588,3522786
19601,19602,1,19601,5399071
19679,19680,1,19679,3523663
19684,19685,1,19684,27370784
19792,19793,1,19792,1744514
19799,19800,1,19799,10112178
19810,19811,1,19810,18385207
19819,19820,1,19819,5739974
19910,19911,1,19910,2783806
19928,19929,1,19928,18350619
19992,19993,1,19992,6721596
20055,20056,1,20055,3418357
20140,20141,1,20140,1514225
20210,20211,1,20210,12947424
20246,20247,1,20246,3345022
20376,20377,1,20376,4166982
20422,20423,1,20422,1685820
20433,20434,1,20433,4282438
20435,20436,1,20435,2725753
20454,20455,1,20454,13301686
20673,20674,1,20673,13781833
20728,20729,1,20728,1326592
20730,20731,1,20730,28790084
20733,20734,1,20733,1326912
20738,20739,1,20738,1327232
20740,20741,1,20740,30736680
20850,20851,1,20850,1874863
20867,20868,1,20867,1918884
20921,20922,1,20921,2062387
20940,20941,1,20940,1446160
20944,20945,1,20944,3103242
20954,20955,1,20954,18842280
21020,21021,1,21020,1626423
21062,21063,1,21062,30585765
21076,21077,1,21076,13256839
21118,21119,1,21118,5786332
21119,21120,1,21119,1351616
21168,21169,1,21168,7116984
21213,21214,1,21213,2084427
21216,21217,1,21216,1581440
21326,21327,1,21326,1635769
21341,21342,1,21341,4823969
21353,21354,1,21353,11822172
21370,21371,1,21370,3840676
21518,21519,1,21518,7234659
21558,21559,1,21558,1379712
21560,21561,1,21560,4355120
21583,21584,1,21583,11879430
21887,21888,2,43774,51602941
21943,21944,1,21943,29047488
21990,21991,1,21990,1707301
22070,22071,1,22070,6678382
22212,22213,1,22212,8953527
22450,22451,1,22450,6793370
22656,22657,1,22656,4785405
22733,22734,1,22733,1710148
22742,22743,1,22742,22104146
22776,22777,1,22776,24627373
22825,22826,1,22825,4217254
22908,22909,1,22908,14309403
22911,22912,1,22911,1853532
22940,22941,1,22940,2193786
22996,22997,1,22996,2840799
23320,23321,1,23320,2199825
23325,23326,1,23325,2246518
23352,23353,1,23352,7851276
23353,23354,1,23353,5055062
23419,23420,1,23419,2500521
23458,23459,1,23458,19304167
23504,23505,1,23504,1906462
23594,23595,1,23594,34661086
23626,23627,1,23626,24385819
23665,23666,1,23665,2120307
23878,23879,1,23878,2870615
23886,23887,1,23886,4257646
23899,23900,1,23899,18957199
23935,23936,1,23935,2188892
23974,23975,1,23974,10140155
24146,24147,1,24146,2068222
24311,24312,1,24311,34684048
24439,24440,1,24439,4550168
24539,24540,1,24539,13235187
24582,24583,1,24582,3162839
24640,24641,1,24640,1915340
24727,24728,1,24727,36143749
24728,24729,1,24728,5670621
24779,24780,1,24779,4523058
24869,24870,2,49738,72179088
25088,25089,1,25088,4393769
25135,25136,1,25135,3053320
25159,25160,1,25159,34922781
25188,25189,1,25188,2314165
25238,25239,1,25238,34986976
25274,25275,1,25274,4765680
25707,25708,1,25707,1773154
25750,25751,1,25750,4254208
25934,25935,1,25934,3044935
26040,26041,1,26040,2285918
26186,26187,1,26186,37592477
26227,26228,1,26227,6431426
26246,26247,1,26246,4522649
26285,26286,1,26285,5152443
26288,26289,1,26288,2484470
26418,26419,1,26418,1856610
26422,26423,1,26422,2240409
26471,26472,1,26471,38067589
26478,26479,1,26478,2540990
26488,26489,1,26488,8905644
26580,26581,1,26580,36980082
26732,26733,1,26732,39266922
26816,26817,1,26816,5069665
26855,26856,1,26855,22697909
26932,26933,1,26932,4884092
26944,26945,1,26944,12892752
26951,26952,1,26951,39588233
26962,26963,1,26962,2733289
26977,26978,1,26977,2316742
27131,27132,1,27131,39532412
27143,27144,1,27143,3723199
27315,27316,1,27315,4133137
27397,27398,1,27397,5670415
27426,27427,1,27426,38135263
27700,27701,1,27700,24885675
27730,27731,1,27730,39282572
27808,27809,1,27808,4737670
28156,28157,1,28156,2333284
28172,28173,1,28172,39322386
28277,28278,1,28277,38881588
28284,28285,1,28284,2197226
28303,28304,1,28303,2176963
28333,28334,1,28333,3681245
28426,28427,1,28426,2592996
28463,28464,1,28463,2488608
28508,28509,1,28508,2229657
28701,28702,1,28701,37690616
28733,28734,1,28733,17397429
28749,28750,1,28749,10407985
28766,28767,1,28766,4027205
28797,28798,1,28797,5197538
29001,29002,1,29001,2192619
29004,29005,1,29004,6916372
29031,29032,1,29031,40697312
29074,29075,1,29074,2377981
29166,29167,1,29166,2506467
29198,29199,1,29198,14227010
29252,29253,1,29252,3401027
29400,29401,1,29400,43143161
29494,29495,1,29494,2505454
29523,29524,1,29523,2281911
29547,29548,2,59094,4600065
29550,29551,1,29550,3432962
29582,29583,1,29582,9945891
29656,29657,1,29656,2296857
29757,29758,1,29757,44061028
29795,29796,1,29795,3459553
29838,29839,1,29838,5378148
29853,29854,1,29853,2576588
29908,29909,1,29908,2396492
30169,30170,1,30169,5511442
30363,30364,1,30363,2604385
30654,30655,1,30654,6606653
30678,30679,1,30678,12831367
30827,30828,1,30827,2954632
30873,30874,1,30873,11593241
30905,30906,1,30905,2086497
30940,30941,1,30940,2841205
31100,31101,1,31100,12415575
31146,31147,1,31146,8961962
31268,31269,1,31268,5136585
31281,31282,1,31281,41016702
31293,31294,1,31293,2494932
31310,31311,1,31310,24885332
31377,31378,1,31377,3855189
31399,31400,1,31399,2869704
31611,31612,1,31611,4031845
31659,31660,1,31659,30687208
31687,31688,1,31687,4001349
31689,31690,1,31689,2709975
31763,31764,1,31763,46521238
31804,31805,1,31804,2847840
31818,31819,1,31818,4100819
32051,32052,1,32051,2832150
32057,32058,1,32057,4090890
32115,32116,1,32115,2944263
32132,32133,1,32132,47181614
32363,32364,1,32363,22624176
32894,32895,1,32894,4226032
32992,32993,1,32992,4866437
33066,33067,1,33066,3015233
33194,33195,1,33194,2633410
33235,33236,1,33235,48808916
33359,33360,1,33359,2795601
33528,33529,1,33528,50614374
33888,33889,1,33888,2359640
34032,34033,1,34032,4013944
34098,34099,1,34098,2864677
34130,34131,1,34130,46738657
34155,34156,1,34155,2610146
34172,34173,1,34172,17466258
34272,34273,1,34272,11522736
34606,34607,1,34606,49553244
34636,34637,1,34636,3209576
34673,34674,1,34673,48214934
35079,35080,1,35079,35340882
35150,35151,1,35150,50487043
35276,35277,1,35276,3153656
35295,35296,1,35295,6279816
35318,35319,1,35318,3198023
35357,35358,1,35357,29409644
35363,35364,1,35363,27377164
35398,35399,1,35398,2742376
35519,35520,1,35519,50309959
35773,35774,1,35773,42154804
35836,35837,1,35836,3154733
35915,35916,1,35915,5764740
35932,35933,1,35932,2773068
35936,35937,1,35936,3358418
35942,35943,1,35942,38370323
36036,36037,1,36036,53830778
36090,36091,1,36090,6379665
36195,36196,1,36195,3202394
36465,36466,1,36465,5946064
36558,36559,1,36558,12011660
36852,36853,1,36852,32008872
36865,36866,1,36865,3004837
36938,36939,1,36938,3486298
37009,37010,1,37009,39372076
37211,37212,1,37211,45907108
37217,37218,1,37217,6973313
37329,37330,1,37329,7118188
37407,37408,1,37407,16081293
37466,37467,1,37466,30012966
37571,37572,1,37571,22123009
37674,37675,1,37674,6741802
37777,37778,1,37777,3169105
37903,37904,1,37903,54670980
37920,37921,1,37920,36481491
37977,37978,1,37977,56446483
38045,38046,2,76090,10029459
38062,38063,1,38062,4518422
38122,38123,1,38122,12817161
38125,38126,1,38125,3371002
38225,38226,1,38225,7479559
38276,38277,1,38276,6120390
38366,38367,1,38366,7523866
38455,38456,1,38455,2612042
38469,38470,1,38469,2462016
38499,38500,1,38499,34291206
38543,38544,1,38543,7442386
38554,38555,1,38554,3414404
38576,38577,1,38576,7304448
38718,38719,1,38718,6197480
38733,38734,1,38733,4379650
38826,38827,1,38826,54052725
38903,38904,1,38903,19855975
38910,38911,1,38910,10679538
38976,38977,1,38976,6063158
38995,38996,1,38995,3103630
39081,39082,1,39081,5632258
39082,39083,1,39082,57433976
39122,39123,1,39122,5008494
39181,39182,1,39181,6248650
39540,39541,1,39540,35521351
39657,39658,1,39657,3512965
39947,39948,1,39947,56330178
40019,40020,1,40019,56555233
40114,40115,1,40114,57836580
40171,40172,1,40171,6192373
40194,40195,1,40194,31922830
40214,40215,1,40214,34451847
40299,40300,1,40299,8743366
40303,40304,1,40303,3523956
40349,40350,1,40349,11569529
40367,40368,1,40367,8126940
40388,40389,1,40388,3766484
40481,40482,1,40481,37795549
40543,40544,1,40543,8867622
40767,40768,1,40767,49070805
40796,40797,1,40796,13716198
40850,40851,1,40850,56813495
40875,40876,1,40875,3391730
40941,40942,1,40941,6938511
41130,41131,1,41130,8661951
41479,41480,1,41479,8516891
41486,41487,1,41486,29799571
41534,41535,1,41534,61069438
41832,41833,1,41832,60786759
41869,41870,1,41869,8091488
41967,41968,1,41967,62299836
42008,42009,1,42008,61139636
42010,42011,1,42010,3295631
42192,42193,1,42192,3794726
42382,42383,1,42382,3313742
42390,42391,1,42390,6115900
42393,42394,1,42393,21084093
42478,42479,1,42478,3347330
42650,42651,1,42650,3798546
42744,42745,1,42744,7257939
42776,42777,1,42776,61476189
42815,42816,1,42815,3382537
42816,42817,1,42816,3354767
42848,42849,1,42848,62755997
42861,42862,1,42861,3663669
42866,42867,1,42866,62460617
42957,42958,1,42957,3869920
43072,43073,1,43072,2756608
43178,43179,1,43178,6565856
43218,43219,1,43218,6266217
43245,43246,1,43245,64109309
43425,43426,1,43425,3372246
43539,43540,1,43539,9545891
43723,43724,1,43723,3888727
44214,44215,1,44214,9207181
44288,44289,1,44288,54616825
44291,44292,1,44291,3484679
44307,44308,1,44307,63864406
44382,44383,1,44382,3984595
44395,44396,1,44395,3492927
44438,44439,1,44438,8194432
44445,44446,1,44445,3864247
44561,44562,1,44561,3936716
44610,44611,1,44610,6862763
44662,44663,1,44662,63795892
44685,44686,1,44685,3503160
44716,44717,1,44716,3017586
44842,44843,1,44842,15076521
44880,44881,1,44880,64598593
44903,44904,1,44903,43372963
44959,44960,1,44959,3969376
45051,45052,1,45051,66723564
45110,45111,1,45110,21127533
45706,45707,1,45706,67453179
45739,45740,1,45739,3981488
45895,45896,1,45895,8198307
46058,46059,1,46058,4105796
46237,46238,1,46237,3922186
46297,46298,1,46297,17309595
46355,46356,1,46355,43117999
46388,46389,1,46388,3567435
46712,46713,1,46712,37544069
46803,46804,1,46803,4236650
46949,46950,1,46949,35240504
47030,47031,1,47030,67095801
47037,47038,1,47037,3630837
47054,47055,1,47054,3764917
47246,47247,1,47246,4585617
47279,47280,1,47279,42409638
47330,47331,1,47330,69607646
47334,47335,1,47334,59460990
47434,47435,1,47434,5768768
47573,47574,1,47573,45618774
47574,47575,1,47574,3642196
47631,47632,1,47631,4082580
47639,47640,1,47639,70018545
47710,47711,1,47710,4093219
48011,48012,1,48011,3570807
48037,48038,1,48037,70580216
48388,48389,1,48388,41644019
48658,48659,1,48658,4233672
48812,48813,1,48812,69408882
49020,49021,1,49020,3971285
49205,49206,1,49205,70560826
49273,49274,1,49273,67234202
49328,49329,1,49328,9068612
49376,49377,1,49376,72631310
49416,49417,1,49416,72694860
49469,49470,1,49469,8787805
49537,49538,1,49537,10219194
49690,49691,1,49690,8292457
49697,49698,1,49697,8494323
49848,49849,1,49848,74306914
50203,50204,1,50203,71798208
50461,50462,1,50461,51326562
50567,50568,1,50567,9860631
50593,50594,1,50593,4143923
50742,50743,1,50742,60824570
50765,50766,1,50765,8509779
51038,51039,1,51038,75428870
51233,51234,1,51233,73630274
51294,51295,1,51294,4316965
51407,51408,1,51407,4519973
51544,51545,1,51544,10645586
51566,51567,1,51566,74259407
51623,51624,1,51623,7593433
51689,51690,1,51689,73472958
51989,51990,1,51989,74237669
52024,52025,1,52024,9619137
52099,52100,1,52099,74425652
52133,52134,1,52133,10711513
52165,52166,1,52165,8133799
52381,52382,1,52381,6477511
52765,52766,1,52765,78714697
52957,52958,1,52957,3905384
53163,53164,2,106326,18137655
53354,53355,1,53354,8074390
53519,53520,1,53519,4259536
53538,53539,1,53538,4516601
53578,53579,1,53578,10269648
53848,53849,1,53848,3684685
53954,53955,1,53954,4650318
53989,53990,1,53989,6752285
54006,54007,1,54006,5168286
54062,54063,1,54062,4037706
54111,54112,1,54111,34296691
54116,54117,1,54116,78086766
54143,54144,1,54143,79237262
54212,54213,1,54212,54021546
54232,54233,2,108464,18330416
54468,54469,1,54468,11002536
54469,54470,1,54469,3486016
54556,54557,1,54556,78769080
54624,54625,1,54624,47972261
54675,54676,1,54675,4238365
54732,54733,1,54732,79421237
54751,54752,1,54751,4737716
54870,54871,1,54870,4783079
54900,54901,1,54900,80726554
54981,54982,1,54981,4770105
54993,54994,1,54993,8991780
55107,55108,1,55107,9738342
55137,55138,1,55137,44386455
55160,55161,1,55160,18545580
55198,55199,1,55198,4309552
55216,55217,1,55216,81096837
55461,55462,1,55461,9769282
55476,55477,1,55476,67328855
55694,55695,1,55694,9663444
55835,55836,1,55835,4933135
55853,55854,1,55853,9789986
55929,55930,1,55929,9843634
55936,55937,1,55936,48238718
56031,56032,1,56031,81446129
56268,56269,1,56268,6970794
56269,56270,1,56269,4830799
56277,56278,2,112554,19021626
56334,56335,1,56334,12833254
56412,56413,1,56412,82908708
56524,56525,1,56524,4365698
56639,56640,1,56639,10658498
56643,56644,1,56643,9442213
56714,56715,1,56714,4911997
56885,56886,1,56885,84541876
57073,57074,1,57073,11528746
57075,57076,1,57075,3652800
57098,57099,1,57098,19622802
57177,57178,1,57177,4562434
57196,57197,1,57196,11553592
57199,57200,1,57199,3660736
57443,57444,1,57443,12273221
57475,57476,1,57475,4594501
57642,57643,1,57642,13167064
57655,57656,1,57655,83728167
57783,57784,1,57783,7148385
57814,57815,1,57814,4639951
57846,57847,1,57846,9658139
57894,57895,2,115788,19568172
58070,58071,1,58070,60923270
58179,58180,1,58179,5084692
58432,58433,1,58432,4519536
58741,58742,1,58741,33593617
58805,58806,1,58805,27535693
58823,58824,1,58823,4649668
59218,59219,1,59218,9243152
59520,59521,1,59520,10521309
59848,59849,1,59848,4762168
60268,60269,2,120536,20370584
60271,60272,1,60271,12527070
60304,60305,1,60304,11572508
60322,60323,1,60322,10365892
60370,60371,1,60370,12194740
60371,60372,1,60371,3863744
60611,60612,1,60611,10099721
60720,60721,1,60720,5326503
60893,60894,1,60893,4549605
60940,60941,1,60940,7134431
60996,60997,1,60996,12321192
60998,60999,1,60998,3903872
61273,61274,1,61273,89632742
61523,61524,1,61523,5329789
61816,61817,1,61816,91600817
62047,62048,1,62047,4916667
62066,62067,1,62066,5631949
62083,62084,1,62083,91054406
62113,62114,1,62113,88810399
62140,62141,1,62140,91282144
62589,62590,1,62589,5888768
62870,62871,1,62870,88698921
62873,62874,1,62873,4999606
62887,62888,1,62887,27480974
63605,63606,1,63605,10135877
63743,63744,1,63743,11158198
63998,63999,1,63998,5775957
64032,64033,1,64032,35680620
64090,64091,1,64090,19777286
64170,64171,1,64170,9343083
64307,64308,1,64307,56724594
64316,64317,1,64316,93863388
64395,64396,1,64395,5453680
64643,64644,1,64643,75159646
64656,64657,1,64656,5591820
65282,65283,1,65282,21948741
65291,65292,1,65291,12928515
65913,65914,1,65913,93879538
65968,65969,1,65968,13325536
65970,65971,1,65970,4222080
66182,66183,1,66182,97231204
66218,66219,1,66218,10846550
66327,66328,1,66327,12424949
66352,66353,1,66352,48375682
66751,66752,1,66751,5291541
66820,66821,1,66820,8261673
66991,66992,1,66991,5719283
67253,67254,1,67253,11482315
67365,67366,1,67365,5318674
67437,67438,1,67437,5840114
67556,67557,1,67556,97333528
67619,67620,1,67619,9154354
67633,67634,1,67633,100553718
67634,67635,1,67634,22739517
68001,68002,1,68001,10132311
68176,68177,1,68176,12156152
68253,68254,1,68253,7927152
68430,68431,1,68430,5780792
68744,68745,1,68744,48689812
68784,68785,1,68784,100027616
68801,68802,1,68801,5632836
69145,69146,1,69145,12287706
69399,69400,1,69399,10598925
69479,69480,1,69479,6026493
69765,69766,1,69765,53694123
69787,69788,1,69787,6366402
70380,70381,1,70380,6175189
70551,70552,1,70551,12226506
70729,70730,1,70729,5794258
71133,71134,1,71133,29855980
71171,71172,1,71171,15667290
71289,71290,1,71289,5701996
71322,71323,1,71322,104161062
71434,71435,1,71434,34954906
71610,71611,1,71610,21669186
71784,71785,1,71784,4594176
72094,72095,1,72094,6883859
72307,72308,1,72307,14490533
72817,72818,1,72817,101140111
72870,72871,1,72870,104292635
72877,72878,1,72877,106118651
73282,73283,1,73282,6198755
73559,73560,1,73559,16724861
73574,73575,1,73574,14744210
73748,73749,1,73748,106940980
73749,73750,1,73749,15154070
73756,73757,1,73756,10997415
74135,74136,1,74135,107728973
74600,74601,1,74600,110067610
74728,74729,1,74728,6039120
75001,75002,1,75001,14889890
75152,75153,1,75152,25267176
75312,75313,1,75312,39914479
75455,75456,1,75455,12703164
75582,75583,1,75582,6142222
75690,75691,1,75690,12630723
75806,75807,1,75806,111406478
76217,76218,1,76217,11060378
77251,77252,1,77251,78473826
77639,77640,1,77639,114644818
77672,77673,1,77672,112239083
77780,77781,1,77780,6047722
78007,78008,1,78007,114201666
78321,78322,1,78321,5945575
78409,78410,1,78409,6816230
78647,78648,1,78647,49223104
78653,78654,1,78653,10238500
78961,78962,1,78961,6948571
79256,79257,1,79256,14740777
79378,79379,1,79378,12910179
79716,79717,1,79716,26801658
79734,79735,1,79734,17474520
79961,79962,1,79961,6277307
80140,80141,1,80140,6343502
80398,80399,1,80398,118325756
80644,80645,1,80644,6995645
80721,80722,1,80721,43186562
80901,80902,1,80901,15838612
81036,81037,1,81036,6410307
81143,81144,1,81143,52861055
81263,81264,1,81263,50286916
81307,81308,1,81307,113631802
81711,81712,1,81711,16650025
81760,81761,1,81760,24740576
81975,81976,1,81975,42075731
82096,82097,1,82096,44637381
82165,82166,1,82165,120799750
82226,82227,1,82226,73580888
82592,82593,1,82592,6197585
82889,82890,1,82889,97746305
83170,83171,1,83170,115575814
83241,83242,1,83241,11691486
83290,83291,1,83290,122289123
83716,83717,1,83716,7494717
83922,83923,1,83922,6764464
83980,83981,1,83980,123504761
84818,84819,1,84818,6720938
84968,84969,1,84968,6343884
85051,85052,1,85051,16501986
85456,85457,1,85456,28731528
85755,85756,1,85755,17812455
85986,85987,1,85986,16697678
86220,86221,1,86220,15383434
86330,86331,1,86330,6820972
86429,86430,1,86429,15498814
86432,86433,1,86432,14422158
86479,86480,1,86479,16969773
86656,86657,1,86656,6017797
87471,87472,1,87471,17765306
88364,88365,1,88364,17645359
88647,88648,1,88647,7011067
88657,88658,1,88657,130163296
89297,89298,1,89297,130477206
89516,89517,1,89516,7074987
90124,90125,1,90124,21157770
90147,90148,1,90147,7053456
90650,90651,1,90650,89323387
90847,90848,1,90847,7254078
91168,91169,1,91168,17167290
91662,91663,1,91662,7200017
91834,91835,1,91834,133651034
92005,92006,1,92005,7544660
92207,92208,1,92207,50272054
92477,92478,1,92477,19865792
92486,92487,1,92486,135368197
92493,92494,1,92493,7331578
93147,93148,1,93147,11553414
93412,93413,1,93412,12550053
93450,93451,1,93450,18045762
93740,93741,1,93740,47186532
94509,94510,1,94509,15847484
94531,94532,1,94531,62906481
95625,95626,1,95625,12530450
95798,95799,1,95798,21064613
95899,95900,1,95899,93304227
96102,96103,1,96102,15707648
96162,96163,1,96162,20561804
96739,96740,1,96739,17763854
96799,96800,1,96799,17149207
96857,96858,1,96857,7593107
96881,96882,1,96881,21277350
97193,97194,1,97193,50090906
97441,97442,1,97441,136354950
97531,97532,1,97531,49686139
97563,97564,1,97563,7636472
97744,97745,1,97744,17434847
97823,97824,1,97823,6260672
97851,97852,1,97851,6262464
99066,99067,1,99066,85778794
99315,99316,1,99315,8126881
99350,99351,1,99350,16171729
101058,101059,1,101058,7964594
101530,101531,1,101530,30310477
101855,101856,1,101855,92838784
102160,102161,1,102160,54078195
102588,102589,1,102588,21454928
102710,102711,1,102710,18133205
103097,103098,1,103097,9298335
103472,103473,1,103472,22711336
103504,103505,1,103504,148494680
103876,103877,1,103876,9394557
104083,104084,1,104083,67768104
104423,104424,1,104423,8210589
104616,104617,1,104616,151309931
104712,104713,1,104712,152485226
104875,104876,1,104875,17101587
104974,104975,1,104974,18733010
105240,105241,1,105240,155630864
105464,105465,1,105464,11332429
106810,106811,1,106810,113154007
107480,107481,1,107480,8402893
107651,107652,1,107651,61613194
108157,108158,1,108157,19585864
108357,108358,1,108357,16387516
108558,108559,1,108558,22600950
108699,108700,1,108699,78239542
108768,108769,1,108768,15131793
108787,108788,1,108787,78985739
108836,108837,1,108836,12328918
108981,108982,1,108981,159560754
108992,108993,1,108992,21850380
109229,109230,1,109229,9484142
109660,109661,1,109660,9403456
109767,109768,1,109767,22172934
109769,109770,1,109769,7025216
109863,109864,1,109863,58212091
110913,110914,1,110913,16679937
111146,111147,1,111146,122346541
111278,111279,1,111278,73275196
111489,111490,1,111489,9830838
111975,111976,1,111975,166040357
112169,112170,1,112169,35459775
112593,112594,1,112593,8890469
113320,113321,1,113320,10012623
114053,114054,1,114053,96049310
114366,114367,1,114366,23101932
114433,114434,1,114433,17732038
114862,114863,1,114862,9098344
115164,115165,1,115164,38719782
115490,115491,1,115490,12195611
115920,115921,1,115920,10221239
116548,116549,1,116548,20467528
116590,116591,1,116590,35280134
116899,116900,1,116899,9985554
119337,119338,1,119337,92199178
119751,119752,1,119751,127061638
120628,120629,1,120628,69919233
120655,120656,1,120655,9493753
121199,121200,1,121199,17831427
121925,121926,1,121925,176348891
121974,121975,1,121974,14097531
122255,122256,1,122255,176669818
122377,122378,1,122377,8517573
123146,123147,1,123146,20760163
123438,123439,1,123438,41501619
124384,124385,1,124384,10624071
124441,124442,1,124441,22500664
124615,124616,1,124615,10847465
124883,124884,1,124883,40590553
124972,124973,1,124972,39794609
125106,125107,1,125106,64724694
126068,126069,1,126068,21564456
126397,126398,1,126397,175145932
127012,127013,1,127012,22274774
127142,127143,1,127142,22839203
128192,128193,1,128192,73620395
129008,129009,1,129008,24513576
129027,129028,1,129027,21878190
129793,129794,1,129793,11438278
129925,129926,1,129925,43924473
130871,130872,1,130871,14592593
131394,131395,1,131394,44160289
131458,131459,1,131458,23675540
131669,131670,1,131669,26151561
132262,132263,1,132262,11223871
132771,132772,1,132771,20481458
133601,133602,1,133601,10491981
134176,134177,1,134176,10618641
134345,134346,1,134345,115624026
135623,135624,1,135623,11800782
137777,137778,1,137777,24626858
138432,138433,1,138432,10766537
138458,138459,1,138458,24605242
139172,139173,1,139172,10520776
140735,140736,1,140735,43792906
141297,141298,1,141297,128859973
141884,141885,1,141884,28163734
141977,141978,1,141977,156015249
141991,141992,1,141991,25198026
142673,142674,1,142673,25128024
143729,143730,1,143729,23155981
144522,144523,1,144522,11442022
145045,145046,1,145045,47325699
145441,145442,1,145441,46852255
145845,145846,1,145845,213437819
145953,145954,1,145953,22832985
146551,146552,1,146551,18493448
147568,147569,1,147568,131557761
147654,147655,1,147654,49774349
148038,148039,1,148038,99575988
148227,148228,1,148227,18450147
148533,148534,1,148533,217012137
148738,148739,1,148738,156963281
148857,148858,1,148857,73620266
149048,149049,1,149048,219420761
149402,149403,1,149402,12797392
149524,149525,1,149524,97840329
152396,152397,1,152396,21401496
154427,154428,1,154427,11843734
154805,154806,1,154805,40035439
155075,155076,1,155075,18688625
156140,156141,1,156140,47247964
156750,156751,1,156750,13185383
156992,156993,1,156992,27331786
157062,157063,1,157062,22011281
157118,157119,1,157118,18776909
157845,157846,1,157845,27961244
157999,158000,1,157999,22454114
158776,158777,1,158776,230115735
159317,159318,1,159317,16710598
159348,159349,1,159348,19853231
159573,159574,1,159573,187198036
159799,159800,1,159799,123404651
160764,160765,1,160764,28838255
161326,161327,1,161326,153198110
161461,161462,1,161461,26102615
162110,162111,1,162110,49054486
163336,163337,1,163336,52444479
164121,164122,1,164121,239205048
164634,164635,1,164634,29403267
165021,165022,1,165021,53111231
165242,165243,1,165242,242635555
165467,165468,1,165467,244782262
165740,165741,1,165740,148857412
166229,166230,1,166229,30327905
166388,166389,1,166388,29677454
166589,166590,1,166589,55289185
167667,167668,1,167667,32869130
168122,168123,1,168122,32244026
174876,174877,1,174876,56895793
177200,177201,1,177200,56450534
177209,177210,1,177209,260955664
179749,179750,1,179749,11503936
179818,179819,1,179818,11508352
179958,179959,1,179958,13984944
180978,180979,1,180978,168157904
181765,181766,1,181765,32515832
185428,185429,1,185428,57382715
186317,186318,1,186317,62995073
188048,188049,1,188048,61889249
188499,188500,1,188499,58680365
188945,188946,1,188945,281205537
189239,189240,1,189239,96572139
189465,189466,1,189465,278442330
190718,190719,1,190718,39531086
191795,191796,1,191795,191089791
193095,193096,1,193095,196531941
193292,193293,1,193292,223481860
193351,193352,1,193351,33890660
194597,194598,1,194597,182989389
194807,194808,1,194807,211038515
194994,194995,1,194994,183700566
195162,195163,1,195162,62614983
196026,196027,1,196026,282843923
196717,196718,1,196717,24382697
198763,198764,1,198763,35016374
199068,199069,1,199068,219246508
200418,200419,1,200418,292250410
201308,201309,1,201308,64652176
202080,202081,1,202080,15614851
202225,202226,1,202225,67503936
202305,202306,1,202305,35633800
202788,202789,1,202788,70415305
204190,204191,1,204190,33003595
204275,204276,1,204275,125115887
205899,205900,1,205899,36538315
206458,206459,1,206458,67816973
209956,209957,1,209956,285025236
210065,210066,1,210065,175511809
211414,211415,1,211414,118388399
214098,214099,1,214098,35843974
214321,214322,1,214321,36946872
215601,215602,1,215601,231748745
217116,217117,1,217116,125425044
217617,217618,1,217617,37970720
219097,219098,1,219097,68581097
219995,219996,1,219995,32105199
220035,220036,1,220035,219823005
221281,221282,1,221281,36555847
222331,222332,1,222331,324000912
225750,225751,1,225750,44223352
227387,227388,1,227387,131681940
232557,232558,1,232557,134777304
240340,240341,1,240340,32037821
241457,241458,1,241457,188521957
241902,241903,1,241902,73475200
242558,242559,1,242558,235718163
243624,243625,1,243624,231659756
246166,246167,1,246166,211979801
246259,246260,1,246259,199321409
246518,246519,1,246518,34741257
247368,247369,1,247368,133127016
247683,247684,1,247683,24380372
248254,248255,1,248254,42291949
258465,258466,1,258465,35449738
259830,259831,1,259830,46353568
261813,261814,1,261813,197160695
264053,264054,1,264053,16899392
264748,264749,1,264748,245866725
266361,266362,1,266361,338717529
267690,267691,1,267690,33303166
270204,270205,1,270204,33452338
272760,272761,1,272760,227295631
274028,274029,1,274028,243527027
277062,277063,1,277062,247646640
278612,278613,1,278612,76354886
281231,281232,1,281231,156554274
295425,295426,1,295425,47040228
316284,316285,1,316284,20242176
330267,330268,1,330267,213511055
335634,335635,1,335634,294337996
337271,337272,1,337271,491034192
340601,340602,1,340601,57703086
351015,351016,1,351015,61703431
352848,352849,1,352848,114685632
354302,354303,1,354302,323778333
355411,355412,1,355411,301547664
356369,356370,1,356369,152228159
368345,368346,1,368345,140122902
380193,380194,1,380193,300890147
380864,380865,1,380864,57864086
400517,400518,1,400517,367445698
403589,403590,1,403589,381170046
406896,406897,1,406896,41476699
407479,407480,1,407479,393283288
408649,408650,1,408649,369469672
410753,410754,1,410753,188828187
415260,415261,1,415260,496071556
420113,420114,1,420113,261760046
432344,432345,1,432344,392776031
440960,440961,1,440960,570874244
443872,443873,1,443872,467030029
470914,470915,1,470914,30138496
471227,471228,1,471227,356584103
471662,471663,1,471662,30186368
472302,472303,1,472302,30227328
475105,475106,1,475105,500655480
479553,479554,1,479553,688194495
487571,487572,1,487571,546809335
505691,505692,1,505691,575494864
520643,520644,1,520643,78942083
525318,525319,1,525318,642388061
528215,528216,1,528215,395800561
546776,546777,1,546776,543728976
556649,556650,1,556649,655095225
586861,586862,1,586861,589870799
597355,597356,1,597355,614662788
623992,623993,1,623992,77583366
632343,632344,1,632343,694923009
633898,633899,1,633898,539641444
646830,646831,1,646830,368235378
647798,647799,1,647798,623854225
674015,674016,1,674015,526381010
709965,709966,1,709965,506270466
727112,727113,1,727112,496232755
735792,735793,1,735792,821131681
793600,793601,1,793600,637268930
816750,816751,1,816750,825172265
846772,846773,1,846772,697205031
926826,926827,1,926826,728529731
1171303,1171304,1,1171303,1030722667
1637825,1637826,1,1637825,243734506
1666330,1666331,1,1666330,269953232
1715137,1715138,1,1715137,2520455708
1841638,1841639,1,1841638,2178350009
2339936,2339937,1,2339936,2616199366
2726185,2726186,1,2726185,3218210994
